{
  "system": "Linux",
  "version": "1.2",
  "lite": false,
  "py_version": "3.9",
  "py_version_micro": "3.9.12",
  "packages": {
    "mako": "1.3.8",
    "markdown": "3.7",
    "markupsafe": "3.0.2",
    "pysocks": "1.7.1",
    "pyyaml": "6.0.2",
    "sqlalchemy": "2.0.37",
    "send2trash": "1.8.3",
    "absl-py": "2.1.0",
    "accelerate": "0.34.2",
    "adagio": "0.2.6",
    "aiohappyeyeballs": "2.4.4",
    "aiohttp": "3.11.11",
    "aiohttp-cors": "0.7.0",
    "aiosignal": "1.3.2",
    "alembic": "1.14.0",
    "annotated-types": "0.7.0",
    "antlr4-python3-runtime": "4.9.3",
    "anyio": "4.8.0",
    "appdirs": "1.4.4",
    "argon2-cffi": "23.1.0",
    "argon2-cffi-bindings": "21.2.0",
    "arrow": "1.3.0",
    "asttokens": "3.0.0",
    "async-lru": "2.0.4",
    "async-timeout": "5.0.1",
    "attrs": "24.3.0",
    "autogluon": "1.2",
    "autogluon.common": "1.2",
    "autogluon.core": "1.2",
    "autogluon.features": "1.2",
    "autogluon.multimodal": "1.2",
    "autogluon.tabular": "1.2",
    "autogluon.timeseries": "1.2",
    "babel": "2.16.0",
    "beautifulsoup4": "4.12.3",
    "bleach": "6.2.0",
    "blis": "0.7.11",
    "boto3": "1.35.97",
    "botocore": "1.35.97",
    "cachetools": "5.5.0",
    "catalogue": "2.0.10",
    "catboost": "1.2.7",
    "certifi": "2024.12.14",
    "cffi": "1.17.1",
    "charset-normalizer": "3.4.1",
    "click": "8.1.8",
    "cloudpathlib": "0.20.0",
    "cloudpickle": "3.1.0",
    "colorama": "0.4.6",
    "colorful": "0.5.6",
    "colorlog": "6.9.0",
    "comm": "0.2.2",
    "confection": "0.1.5",
    "contourpy": "1.3.0",
    "coreforecast": "0.0.12",
    "cycler": "0.12.1",
    "cymem": "2.0.10",
    "datasets": "2.14.4",
    "debugpy": "1.8.11",
    "decorator": "5.1.1",
    "defusedxml": "0.7.1",
    "dill": "0.3.7",
    "distlib": "0.3.9",
    "einops": "0.8.0",
    "evaluate": "0.4.3",
    "exceptiongroup": "1.2.2",
    "executing": "2.1.0",
    "fastai": "2.7.18",
    "fastcore": "1.7.28",
    "fastdownload": "0.0.7",
    "fastjsonschema": "2.21.1",
    "fastprogress": "1.0.3",
    "filelock": "3.16.1",
    "fonttools": "4.55.3",
    "fqdn": "1.5.1",
    "frozenlist": "1.5.0",
    "fs": "2.4.16",
    "fsspec": "2024.12.0",
    "fugue": "0.9.1",
    "future": "1.0.0",
    "gdown": "5.2.0",
    "gluonts": "0.16.0",
    "google-api-core": "2.24.0",
    "google-auth": "2.37.0",
    "googleapis-common-protos": "1.66.0",
    "graphviz": "0.20.3",
    "greenlet": "3.1.1",
    "grpcio": "1.69.0",
    "h11": "0.14.0",
    "httpcore": "1.0.7",
    "httpx": "0.28.1",
    "huggingface-hub": "0.27.1",
    "hyperopt": "0.2.7",
    "idna": "3.10",
    "imageio": "2.36.1",
    "importlib-metadata": "8.5.0",
    "importlib-resources": "6.5.2",
    "ipykernel": "6.29.5",
    "ipython": "8.18.1",
    "ipywidgets": "8.1.5",
    "isoduration": "20.11.0",
    "jedi": "0.19.2",
    "jinja2": "3.1.5",
    "jmespath": "1.0.1",
    "joblib": "1.4.2",
    "json5": "0.10.0",
    "jsonpointer": "3.0.0",
    "jsonschema": "4.21.1",
    "jsonschema-specifications": "2024.10.1",
    "jupyter": "1.1.1",
    "jupyter-client": "8.6.3",
    "jupyter-console": "6.6.3",
    "jupyter-core": "5.7.2",
    "jupyter-events": "0.11.0",
    "jupyter-lsp": "2.2.5",
    "jupyter-server": "2.15.0",
    "jupyter-server-terminals": "0.5.3",
    "jupyterlab": "4.3.4",
    "jupyterlab-pygments": "0.3.0",
    "jupyterlab-server": "2.27.3",
    "jupyterlab-widgets": "3.0.13",
    "kiwisolver": "1.4.7",
    "langcodes": "3.5.0",
    "language-data": "1.3.0",
    "lazy-loader": "0.4",
    "lightgbm": "4.5.0",
    "lightning": "2.5.0.post0",
    "lightning-utilities": "0.11.9",
    "linkify-it-py": "2.0.3",
    "llvmlite": "0.43.0",
    "marisa-trie": "1.2.1",
    "markdown-it-py": "3.0.0",
    "matplotlib": "3.9.4",
    "matplotlib-inline": "0.1.7",
    "mdit-py-plugins": "0.4.2",
    "mdurl": "0.1.2",
    "memray": "1.15.0",
    "mistune": "3.1.0",
    "mlforecast": "0.13.4",
    "model-index": "0.1.11",
    "mpmath": "1.3.0",
    "msgpack": "1.1.0",
    "multidict": "6.1.0",
    "multiprocess": "0.70.15",
    "murmurhash": "1.0.11",
    "nbclient": "0.10.2",
    "nbconvert": "7.16.5",
    "nbformat": "5.10.4",
    "nest-asyncio": "1.6.0",
    "networkx": "3.2.1",
    "nlpaug": "1.1.11",
    "nltk": "3.8.1",
    "notebook": "7.3.2",
    "notebook-shim": "0.2.4",
    "numba": "0.60.0",
    "numpy": "1.26.4",
    "nvidia-cublas-cu12": "12.4.5.8",
    "nvidia-cuda-cupti-cu12": "12.4.127",
    "nvidia-cuda-nvrtc-cu12": "12.4.127",
    "nvidia-cuda-runtime-cu12": "12.4.127",
    "nvidia-cudnn-cu12": "9.1.0.70",
    "nvidia-cufft-cu12": "11.2.1.3",
    "nvidia-curand-cu12": "10.3.5.147",
    "nvidia-cusolver-cu12": "11.6.1.9",
    "nvidia-cusparse-cu12": "12.3.1.170",
    "nvidia-ml-py3": "7.352.0",
    "nvidia-nccl-cu12": "2.21.5",
    "nvidia-nvjitlink-cu12": "12.4.127",
    "nvidia-nvtx-cu12": "12.4.127",
    "omegaconf": "2.2.3",
    "opencensus": "0.11.4",
    "opencensus-context": "0.1.3",
    "opendatalab": "0.0.10",
    "openmim": "0.3.9",
    "openxlab": "0.0.11",
    "optuna": "4.1.0",
    "ordered-set": "4.1.0",
    "orjson": "3.10.14",
    "overrides": "7.7.0",
    "packaging": "24.2",
    "pandas": "2.2.3",
    "pandocfilters": "1.5.1",
    "parso": "0.8.4",
    "patsy": "1.0.1",
    "pdf2image": "1.17.0",
    "pexpect": "4.9.0",
    "pillow": "11.1.0",
    "pip": "24.3.1",
    "platformdirs": "4.3.6",
    "plotly": "5.24.1",
    "preshed": "3.0.9",
    "prometheus-client": "0.21.1",
    "prompt-toolkit": "3.0.48",
    "propcache": "0.2.1",
    "proto-plus": "1.25.0",
    "protobuf": "5.29.3",
    "psutil": "6.1.1",
    "ptyprocess": "0.7.0",
    "pure-eval": "0.2.3",
    "py4j": "0.10.9.8",
    "py-spy": "0.4.0",
    "pyarrow": "18.1.0",
    "pyasn1": "0.6.1",
    "pyasn1-modules": "0.4.1",
    "pycparser": "2.22",
    "pycryptodome": "3.21.0",
    "pydantic": "2.10.5",
    "pydantic-core": "2.27.2",
    "pygments": "2.19.1",
    "pyparsing": "3.2.1",
    "pytesseract": "0.3.10",
    "python-dateutil": "2.9.0.post0",
    "python-json-logger": "3.2.1",
    "pytorch-lightning": "2.5.0.post0",
    "pytorch-metric-learning": "2.3.0",
    "pytz": "2024.2",
    "pyzmq": "26.2.0",
    "ray": "2.39.0",
    "referencing": "0.35.1",
    "regex": "2024.11.6",
    "requests": "2.32.3",
    "rfc3339-validator": "0.1.4",
    "rfc3986-validator": "0.1.1",
    "rich": "13.9.4",
    "rpds-py": "0.22.3",
    "rsa": "4.9",
    "s3transfer": "0.10.4",
    "safetensors": "0.5.2",
    "scikit-image": "0.24.0",
    "scikit-learn": "1.5.2",
    "scipy": "1.13.1",
    "sentencepiece": "0.2.0",
    "seqeval": "1.2.2",
    "setuptools": "75.8.0",
    "shellingham": "1.5.4",
    "six": "1.17.0",
    "smart-open": "7.1.0",
    "sniffio": "1.3.1",
    "soupsieve": "2.6",
    "spacy": "3.7.5",
    "spacy-legacy": "3.0.12",
    "spacy-loggers": "1.0.5",
    "srsly": "2.5.0",
    "stack-data": "0.6.3",
    "statsforecast": "1.7.8",
    "statsmodels": "0.14.4",
    "sympy": "1.13.1",
    "tabulate": "0.9.0",
    "tenacity": "9.0.0",
    "tensorboard": "2.18.0",
    "tensorboardx": "2.6.2.2",
    "tensorboard-data-server": "0.7.2",
    "terminado": "0.18.1",
    "text-unidecode": "1.3",
    "textual": "1.0.0",
    "thinc": "8.2.5",
    "threadpoolctl": "3.5.0",
    "tifffile": "2024.8.30",
    "timm": "1.0.3",
    "tinycss2": "1.4.0",
    "tokenizers": "0.21.0",
    "tomli": "2.2.1",
    "toolz": "0.12.1",
    "torch": "2.5.1",
    "torchmetrics": "1.2.1",
    "torchvision": "0.20.1",
    "tornado": "6.4.2",
    "tqdm": "4.67.1",
    "traitlets": "5.14.3",
    "transformers": "4.48.0",
    "triad": "0.9.8",
    "triton": "3.1.0",
    "typer": "0.15.1",
    "types-python-dateutil": "2.9.0.20241206",
    "typing-extensions": "4.12.2",
    "tzdata": "2024.2",
    "uc-micro-py": "1.0.3",
    "uri-template": "1.3.0",
    "urllib3": "1.26.20",
    "utilsforecast": "0.2.4",
    "virtualenv": "20.28.1",
    "wasabi": "1.1.3",
    "wcwidth": "0.2.13",
    "weasel": "0.4.1",
    "webcolors": "24.11.1",
    "webencodings": "0.5.1",
    "websocket-client": "1.8.0",
    "werkzeug": "3.1.3",
    "widgetsnbextension": "4.0.13",
    "window-ops": "0.0.15",
    "wrapt": "1.17.1",
    "xgboost": "2.1.3",
    "xxhash": "3.5.0",
    "yarl": "1.18.3",
    "zipp": "3.21.0",
    "autocommand": "2.2.2",
    "backports.tarfile": "1.2.0",
    "inflect": "7.3.1",
    "jaraco.collections": "5.1.0",
    "jaraco.context": "5.3.0",
    "jaraco.functools": "4.0.1",
    "jaraco.text": "3.12.1",
    "more-itertools": "10.3.0",
    "typeguard": "4.3.0",
    "wheel": "0.43.0"
  }
}