Date,Coal
2015-01-02,48.53
2015-01-05,47.68
2015-01-06,47.15
2015-01-07,46.97
2015-01-08,46.92
2015-01-09,46.8
2015-01-12,46.77
2015-01-13,46.73
2015-01-14,46.43
2015-01-15,46.42
2015-01-16,46.32
2015-01-19,58.05
2015-01-20,45.17
2015-01-21,45.28
2015-01-22,45.33
2015-01-23,45.27
2015-01-26,44.9
2015-01-27,58.6
2015-01-28,46.02
2015-01-29,45.73
2015-01-30,46.32
2015-02-02,47.43
2015-02-03,48.5
2015-02-04,49.2
2015-02-05,49.65
2015-02-06,50.87
2015-02-09,51.0
2015-02-10,51.0
2015-02-11,51.38
2015-02-12,51.53
2015-02-13,51.25
2015-02-16,62.55
2015-02-17,51.12
2015-02-18,51.07
2015-02-19,51.27
2015-02-20,51.53
2015-02-23,52.05
2015-02-24,52.4
2015-02-25,52.55
2015-02-26,52.38
2015-02-27,52.37
2015-03-02,52.37
2015-03-03,52.4
2015-03-04,52.43
2015-03-05,53.32
2015-03-06,52.98
2015-03-09,52.33
2015-03-10,52.33
2015-03-11,52.47
2015-03-12,53.18
2015-03-13,53.13
2015-03-16,53.08
2015-03-17,53.03
2015-03-18,53.02
2015-03-19,53.0
2015-03-20,53.03
2015-03-23,52.97
2015-03-24,52.85
2015-03-25,52.85
2015-03-26,60.9
2015-03-27,51.42
2015-03-30,51.35
2015-03-31,51.08
2015-04-01,51.17
2015-04-02,51.18
2015-04-03,51.18
2015-04-06,51.2
2015-04-07,51.2
2015-04-08,50.9
2015-04-09,50.53
2015-04-10,50.08
2015-04-13,49.9
2015-04-14,49.7
2015-04-15,49.67
2015-04-16,49.53
2015-04-17,49.38
2015-04-20,49.4
2015-04-21,49.03
2015-04-22,48.9
2015-04-23,48.53
2015-04-24,48.38
2015-04-27,48.38
2015-04-28,48.17
2015-04-29,48.12
2015-04-30,47.13
2015-05-01,47.13
2015-05-04,47.13
2015-05-05,47.13
2015-05-06,47.13
2015-05-07,47.13
2015-05-08,46.97
2015-05-11,46.9
2015-05-12,46.88
2015-05-13,46.82
2015-05-14,46.65
2015-05-15,46.78
2015-05-18,46.55
2015-05-19,46.4
2015-05-20,46.18
2015-05-21,45.9
2015-05-22,45.6
2015-05-25,58.75
2015-05-26,44.5
2015-05-27,45.1
2015-05-28,44.8
2015-05-29,44.53
2015-06-01,44.45
2015-06-02,44.42
2015-06-03,44.43
2015-06-04,44.42
2015-06-05,44.3
2015-06-08,44.23
2015-06-09,44.22
2015-06-10,44.07
2015-06-11,43.27
2015-06-12,41.92
2015-06-15,41.67
2015-06-16,41.37
2015-06-17,41.18
2015-06-18,41.18
2015-06-19,58.0
2015-06-22,41.13
2015-06-23,40.88
2015-06-24,40.8
2015-06-25,40.77
2015-06-26,59.1
2015-06-29,40.73
2015-06-30,40.78
2015-07-01,40.82
2015-07-02,40.82
2015-07-03,58.95
2015-07-06,40.8
2015-07-07,40.87
2015-07-08,40.92
2015-07-09,41.02
2015-07-10,41.03
2015-07-13,41.05
2015-07-14,41.05
2015-07-15,41.05
2015-07-16,41.05
2015-07-17,58.4
2015-07-20,43.13
2015-07-21,43.13
2015-07-22,43.13
2015-07-23,43.13
2015-07-24,58.55
2015-07-27,43.13
2015-07-28,58.45
2015-07-29,42.97
2015-07-30,42.88
2015-07-31,56.75
2015-08-03,42.88
2015-08-04,42.88
2015-08-05,42.88
2015-08-06,42.88
2015-08-07,42.88
2015-08-10,42.88
2015-08-11,42.8
2015-08-12,42.88
2015-08-13,42.88
2015-08-14,56.3
2015-08-17,42.88
2015-08-18,42.8
2015-08-19,42.77
2015-08-20,42.77
2015-08-21,55.9
2015-08-24,42.92
2015-08-25,42.93
2015-08-26,55.8
2015-08-27,42.93
2015-08-28,42.93
2015-08-31,42.93
2015-09-01,42.98
2015-09-02,43.0
2015-09-03,42.95
2015-09-04,54.55
2015-09-07,53.65
2015-09-08,42.93
2015-09-09,42.93
2015-09-10,42.5
2015-09-11,53.85
2015-09-14,42.5
2015-09-15,42.5
2015-09-16,42.5
2015-09-17,42.5
2015-09-18,54.1
2015-09-21,42.13
2015-09-22,42.13
2015-09-23,42.22
2015-09-24,42.23
2015-09-25,52.65
2015-09-28,42.25
2015-09-29,42.17
2015-09-30,42.13
2015-10-01,42.13
2015-10-02,51.1
2015-10-05,42.13
2015-10-06,42.05
2015-10-07,52.25
2015-10-08,42.05
2015-10-09,52.4
2015-10-12,42.05
2015-10-13,41.98
2015-10-14,41.93
2015-10-15,41.93
2015-10-16,41.93
2015-10-19,41.93
2015-10-20,41.93
2015-10-21,41.92
2015-10-22,41.83
2015-10-23,52.15
2015-10-26,41.88
2015-10-27,41.88
2015-10-28,41.88
2015-10-29,41.88
2015-10-30,53.25
2015-11-02,41.88
2015-11-03,41.88
2015-11-04,42.05
2015-11-05,42.02
2015-11-06,53.3
2015-11-09,42.02
2015-11-10,41.85
2015-11-11,41.78
2015-11-12,41.78
2015-11-13,41.75
2015-11-16,41.75
2015-11-17,42.08
2015-11-18,42.17
2015-11-19,42.2
2015-11-20,42.28
2015-11-23,42.42
2015-11-24,42.22
2015-11-25,42.08
2015-11-26,53.85
2015-11-27,42.08
2015-11-30,42.95
2015-12-01,42.95
2015-12-02,43.35
2015-12-03,43.4
2015-12-04,48.55
2015-12-07,43.4
2015-12-08,43.1
2015-12-09,42.68
2015-12-10,43.25
2015-12-11,43.1
2015-12-14,47.65
2015-12-15,43.05
2015-12-16,43.05
2015-12-17,43.1
2015-12-18,47.8
2015-12-21,47.6
2015-12-22,43.03
2015-12-23,43.03
2015-12-24,43.03
2015-12-28,43.03
2015-12-29,43.9
2015-12-30,43.33
2015-12-31,43.33
2016-01-04,43.33
2016-01-05,43.33
2016-01-06,43.63
2016-01-07,43.43
2016-01-08,47.15
2016-01-11,43.35
2016-01-12,43.63
2016-01-13,43.25
2016-01-14,43.23
2016-01-15,45.35
2016-01-18,45.3
2016-01-19,43.23
2016-01-20,43.23
2016-01-21,43.2
2016-01-22,45.85
2016-01-25,43.0
2016-01-26,45.7
2016-01-27,43.13
2016-01-28,43.1
2016-01-29,44.75
2016-02-01,43.13
2016-02-02,43.13
2016-02-03,43.13
2016-02-04,43.13
2016-02-05,44.15
2016-02-08,43.08
2016-02-09,43.13
2016-02-10,43.13
2016-02-11,43.13
2016-02-12,43.2
2016-02-15,43.5
2016-02-16,43.17
2016-02-17,43.17
2016-02-18,43.17
2016-02-19,43.17
2016-02-22,43.17
2016-02-23,43.15
2016-02-24,43.85
2016-02-25,44.35
2016-02-26,44.15
2016-02-29,44.15
2016-03-01,43.73
2016-03-02,43.73
2016-03-03,43.58
2016-03-04,43.58
2016-03-07,43.58
2016-03-08,43.58
2016-03-09,43.58
2016-03-10,43.52
2016-03-11,43.52
2016-03-14,43.47
2016-03-15,43.47
2016-03-16,43.47
2016-03-17,43.47
2016-03-18,43.47
2016-03-21,43.47
2016-03-22,43.47
2016-03-23,43.47
2016-03-24,43.47
2016-03-28,44.6
2016-03-29,43.62
2016-03-30,43.62
2016-03-31,43.62
2016-04-01,43.55
2016-04-04,43.6
2016-04-05,43.63
2016-04-06,43.63
2016-04-07,43.63
2016-04-08,43.63
2016-04-11,43.63
2016-04-12,43.63
2016-04-13,43.63
2016-04-14,43.63
2016-04-15,43.63
2016-04-18,43.63
2016-04-19,43.63
2016-04-20,43.63
2016-04-21,43.63
2016-04-22,43.63
2016-04-25,43.5
2016-04-26,45.7
2016-04-27,43.5
2016-04-28,43.5
2016-04-29,43.5
2016-05-02,43.63
2016-05-03,43.5
2016-05-04,43.5
2016-05-05,43.63
2016-05-06,43.63
2016-05-09,43.63
2016-05-10,43.63
2016-05-11,43.63
2016-05-12,43.63
2016-05-13,43.63
2016-05-16,43.5
2016-05-17,43.63
2016-05-18,43.63
2016-05-19,43.63
2016-05-20,43.63
2016-05-23,43.63
2016-05-24,43.63
2016-05-25,48.05
2016-05-26,44.8
2016-05-27,44.8
2016-05-30,50.9
2016-05-31,39.83
2016-06-01,39.75
2016-06-02,39.63
2016-06-03,39.63
2016-06-06,39.63
2016-06-07,39.63
2016-06-08,39.63
2016-06-09,39.63
2016-06-10,39.5
2016-06-13,39.5
2016-06-14,39.5
2016-06-15,39.5
2016-06-16,39.5
2016-06-17,39.5
2016-06-20,39.5
2016-06-21,39.5
2016-06-22,39.5
2016-06-23,39.5
2016-06-24,39.5
2016-06-27,39.5
2016-06-28,39.5
2016-06-29,39.5
2016-06-30,39.5
2016-07-01,39.5
2016-07-04,57.05
2016-07-05,39.5
2016-07-06,39.5
2016-07-07,39.5
2016-07-08,39.5
2016-07-11,39.5
2016-07-12,39.5
2016-07-13,39.5
2016-07-14,39.5
2016-07-15,39.5
2016-07-18,39.5
2016-07-19,39.5
2016-07-20,39.5
2016-07-21,39.5
2016-07-22,39.5
2016-07-25,39.5
2016-07-26,57.1
2016-07-27,39.5
2016-07-28,39.5
2016-07-29,39.5
2016-08-01,39.5
2016-08-02,39.5
2016-08-03,39.5
2016-08-04,39.5
2016-08-05,39.5
2016-08-08,39.5
2016-08-09,39.5
2016-08-10,39.5
2016-08-11,39.5
2016-08-12,39.5
2016-08-15,39.5
2016-08-16,39.5
2016-08-17,39.5
2016-08-18,39.5
2016-08-19,39.5
2016-08-22,39.5
2016-08-23,39.5
2016-08-24,39.5
2016-08-25,39.5
2016-08-26,39.75
2016-08-29,40.0
2016-08-30,40.0
2016-08-31,40.0
2016-09-01,40.5
2016-09-02,40.5
2016-09-05,61.55
2016-09-06,40.0
2016-09-07,40.0
2016-09-08,40.0
2016-09-09,40.0
2016-09-12,40.0
2016-09-13,40.0
2016-09-14,40.0
2016-09-15,40.0
2016-09-16,40.0
2016-09-19,40.0
2016-09-20,40.0
2016-09-21,40.0
2016-09-22,40.0
2016-09-23,40.0
2016-09-26,40.0
2016-09-27,62.25
2016-09-28,40.0
2016-09-29,40.0
2016-09-30,40.0
2016-10-03,40.0
2016-10-04,40.0
2016-10-05,40.0
2016-10-06,40.0
2016-10-07,40.0
2016-10-10,40.0
2016-10-11,40.0
2016-10-12,40.0
2016-10-13,40.0
2016-10-14,40.0
2016-10-17,40.0
2016-10-18,40.0
2016-10-19,40.0
2016-10-20,40.0
2016-10-21,40.0
2016-10-24,40.0
2016-10-25,40.0
2016-10-26,40.0
2016-10-27,40.0
2016-10-28,40.0
2016-10-31,40.0
2016-11-01,40.0
2016-11-02,40.0
2016-11-03,40.0
2016-11-04,40.0
2016-11-07,40.0
2016-11-08,40.0
2016-11-09,40.0
2016-11-10,40.0
2016-11-11,40.0
2016-11-14,40.0
2016-11-15,40.0
2016-11-16,40.0
2016-11-17,40.0
2016-11-18,40.0
2016-11-21,40.0
2016-11-22,40.0
2016-11-23,40.0
2016-11-24,86.65
2016-11-25,82.4
2016-11-28,84.35
2016-11-29,84.75
2016-11-30,85.6
2016-12-01,85.15
2016-12-02,84.1
2016-12-05,83.1
2016-12-06,79.25
2016-12-07,80.65
2016-12-08,82.6
2016-12-09,83.95
2016-12-12,86.5
2016-12-13,87.55
2016-12-14,88.9
2016-12-15,90.1
2016-12-16,89.4
2016-12-19,89.05
2016-12-20,90.0
2016-12-21,90.25
2016-12-22,90.0
2016-12-23,90.05
2016-12-27,90.05
2016-12-28,90.6
2016-12-29,90.6
2016-12-30,90.2
2017-01-03,82.5
2017-01-04,84.2
2017-01-05,85.75
2017-01-06,84.75
2017-01-09,55.05
2017-01-10,54.6
2017-01-11,54.65
2017-01-12,55.35
2017-01-13,56.95
2017-01-16,56.95
2017-01-17,59.65
2017-01-18,64.5
2017-01-19,61.8
2017-01-20,62.55
2017-01-23,60.1
2017-01-24,60.1
2017-01-25,58.05
2017-01-26,58.05
2017-01-27,57.05
2017-01-30,55.55
2017-01-31,56.4
2017-02-01,56.4
2017-02-02,59.05
2017-02-03,59.05
2017-02-06,58.05
2017-02-07,59.3
2017-02-08,59.65
2017-02-09,60.15
2017-02-10,60.15
2017-02-13,57.45
2017-02-14,57.45
2017-02-15,57.3
2017-02-16,57.25
2017-02-17,57.05
2017-02-20,57.05
2017-02-21,57.05
2017-02-22,54.55
2017-02-23,53.55
2017-02-24,53.55
2017-02-27,53.2
2017-02-28,52.95
2017-03-01,53.3
2017-03-02,53.3
2017-03-03,53.3
2017-03-06,53.4
2017-03-07,53.3
2017-03-08,53.3
2017-03-09,53.25
2017-03-10,53.25
2017-03-13,52.7
2017-03-14,52.05
2017-03-15,52.05
2017-03-16,52.05
2017-03-17,52.05
2017-03-20,52.05
2017-03-21,52.05
2017-03-22,52.15
2017-03-23,52.15
2017-03-24,52.15
2017-03-27,53.0
2017-03-28,52.65
2017-03-29,52.45
2017-03-30,51.95
2017-03-31,51.4
2017-04-03,51.4
2017-04-04,51.2
2017-04-05,51.2
2017-04-06,51.2
2017-04-07,51.2
2017-04-10,51.2
2017-04-11,50.55
2017-04-12,50.55
2017-04-13,50.55
2017-04-17,50.55
2017-04-18,50.55
2017-04-19,50.55
2017-04-20,50.55
2017-04-21,50.55
2017-04-24,50.55
2017-04-25,50.0
2017-04-26,50.5
2017-04-27,50.35
2017-04-28,49.9
2017-05-01,49.9
2017-05-02,49.9
2017-05-03,49.9
2017-05-04,49.9
2017-05-05,49.9
2017-05-08,49.9
2017-05-09,49.9
2017-05-10,49.9
2017-05-11,49.9
2017-05-12,49.9
2017-05-15,49.9
2017-05-16,50.3
2017-05-17,50.6
2017-05-18,50.6
2017-05-19,50.6
2017-05-22,50.8
2017-05-23,53.05
2017-05-24,53.05
2017-05-25,53.15
2017-05-26,54.7
2017-05-29,76.2
2017-05-30,54.77
2017-05-31,54.8
2017-06-01,54.45
2017-06-02,54.45
2017-06-05,54.45
2017-06-06,54.45
2017-06-07,54.45
2017-06-08,54.45
2017-06-09,54.55
2017-06-12,54.55
2017-06-13,54.55
2017-06-14,54.55
2017-06-15,54.5
2017-06-16,54.15
2017-06-19,54.45
2017-06-20,54.45
2017-06-21,54.65
2017-06-22,54.85
2017-06-23,54.85
2017-06-26,54.55
2017-06-27,54.05
2017-06-28,54.35
2017-06-29,54.35
2017-06-30,53.9
2017-07-03,53.9
2017-07-04,81.75
2017-07-05,54.3
2017-07-06,55.3
2017-07-07,55.4
2017-07-10,55.65
2017-07-11,56.15
2017-07-12,56.35
2017-07-13,57.0
2017-07-14,57.0
2017-07-17,56.55
2017-07-18,56.55
2017-07-19,56.55
2017-07-20,56.55
2017-07-21,56.55
2017-07-24,56.55
2017-07-25,56.55
2017-07-26,56.05
2017-07-27,55.8
2017-07-28,55.8
2017-07-31,55.4
2017-08-01,55.4
2017-08-02,54.8
2017-08-03,54.8
2017-08-04,54.8
2017-08-07,56.5
2017-08-08,56.2
2017-08-09,56.0
2017-08-10,56.0
2017-08-11,56.0
2017-08-14,56.0
2017-08-15,56.0
2017-08-16,56.0
2017-08-17,56.1
2017-08-18,56.8
2017-08-21,56.8
2017-08-22,57.05
2017-08-23,56.55
2017-08-24,56.6
2017-08-25,56.6
2017-08-28,57.0
2017-08-29,57.35
2017-08-30,58.05
2017-08-31,58.05
2017-09-01,58.05
2017-09-04,58.05
2017-09-05,58.35
2017-09-06,58.35
2017-09-07,58.4
2017-09-08,58.95
2017-09-11,59.1
2017-09-12,59.55
2017-09-13,59.55
2017-09-14,59.55
2017-09-15,60.05
2017-09-18,60.05
2017-09-19,60.05
2017-09-20,60.1
2017-09-21,60.1
2017-09-22,60.1
2017-09-25,60.1
2017-09-26,60.15
2017-09-27,60.3
2017-09-28,60.2
2017-09-29,60.15
2017-10-02,60.05
2017-10-03,59.45
2017-10-04,59.85
2017-10-05,59.85
2017-10-06,59.85
2017-10-09,59.85
2017-10-10,59.85
2017-10-11,59.95
2017-10-12,60.2
2017-10-13,60.4
2017-10-16,60.55
2017-10-17,60.55
2017-10-18,61.2
2017-10-19,61.3
2017-10-20,61.3
2017-10-23,61.35
2017-10-24,61.35
2017-10-25,61.35
2017-10-26,61.4
2017-10-27,61.4
2017-10-30,61.65
2017-10-31,63.05
2017-11-01,64.3
2017-11-02,64.3
2017-11-03,64.35
2017-11-06,64.45
2017-11-07,64.45
2017-11-08,64.45
2017-11-09,64.45
2017-11-10,64.45
2017-11-13,64.45
2017-11-14,64.35
2017-11-15,64.2
2017-11-16,60.55
2017-11-17,64.2
2017-11-20,64.2
2017-11-21,64.2
2017-11-22,62.55
2017-11-23,62.55
2017-11-24,62.55
2017-11-27,65.0
2017-11-28,64.95
2017-11-29,64.95
2017-11-30,64.9
2017-12-01,64.95
2017-12-04,64.95
2017-12-05,64.95
2017-12-06,64.95
2017-12-07,64.95
2017-12-08,64.95
2017-12-11,64.95
2017-12-12,64.95
2017-12-13,64.95
2017-12-14,64.95
2017-12-15,64.95
2017-12-18,64.95
2017-12-19,64.95
2017-12-20,64.95
2017-12-21,64.95
2017-12-22,64.95
2017-12-26,65.3
2017-12-27,65.3
2017-12-28,65.3
2017-12-29,65.3
2018-01-02,65.3
2018-01-03,65.25
2018-01-04,65.15
2018-01-05,65.15
2018-01-08,65.15
2018-01-09,64.35
2018-01-10,64.35
2018-01-11,64.35
2018-01-12,64.35
2018-01-15,64.35
2018-01-16,64.55
2018-01-17,64.55
2018-01-18,64.55
2018-01-19,64.55
2018-01-22,64.55
2018-01-23,64.55
2018-01-24,64.55
2018-01-25,64.55
2018-01-26,64.55
2018-01-29,64.55
2018-01-30,64.55
2018-01-31,64.55
2018-02-01,64.8
2018-02-02,64.8
2018-02-05,64.8
2018-02-06,64.55
2018-02-07,64.55
2018-02-08,64.55
2018-02-09,64.55
2018-02-12,64.55
2018-02-13,64.55
2018-02-14,64.55
2018-02-15,64.55
2018-02-16,64.3
2018-02-19,64.3
2018-02-20,64.3
2018-02-21,64.3
2018-02-22,64.3
2018-02-23,64.3
2018-02-26,63.45
2018-02-27,63.8
2018-02-28,63.8
2018-03-01,63.8
2018-03-02,63.8
2018-03-05,63.8
2018-03-06,63.8
2018-03-07,63.8
2018-03-08,63.8
2018-03-09,63.8
2018-03-12,63.8
2018-03-13,63.8
2018-03-14,63.55
2018-03-15,63.55
2018-03-16,63.4
2018-03-19,63.3
2018-03-20,63.2
2018-03-21,63.05
2018-03-22,63.05
2018-03-23,63.0
2018-03-26,61.5
2018-03-27,61.45
2018-03-28,61.3
2018-03-29,60.8
2018-04-02,60.55
2018-04-03,60.3
2018-04-04,60.0
2018-04-05,60.0
2018-04-06,59.2
2018-04-09,59.2
2018-04-10,59.2
2018-04-11,59.2
2018-04-12,59.2
2018-04-13,59.2
2018-04-16,59.2
2018-04-17,59.2
2018-04-18,59.2
2018-04-19,58.9
2018-04-20,58.9
2018-04-23,58.9
2018-04-24,58.65
2018-04-25,57.95
2018-04-26,56.05
2018-04-27,56.55
2018-04-30,56.55
2018-05-01,56.55
2018-05-02,56.65
2018-05-03,56.65
2018-05-04,56.55
2018-05-07,56.55
2018-05-08,56.55
2018-05-09,56.55
2018-05-10,56.55
2018-05-11,56.55
2018-05-14,57.3
2018-05-15,57.3
2018-05-16,57.3
2018-05-17,58.05
2018-05-18,58.3
2018-05-21,58.95
2018-05-22,59.55
2018-05-23,59.55
2018-05-24,59.55
2018-05-25,59.55
2018-05-28,61.05
2018-05-29,61.05
2018-05-30,61.15
2018-05-31,61.15
2018-06-01,61.15
2018-06-04,61.05
2018-06-05,61.05
2018-06-06,60.85
2018-06-07,60.85
2018-06-08,60.95
2018-06-11,60.75
2018-06-12,60.75
2018-06-13,60.6
2018-06-14,60.6
2018-06-15,60.6
2018-06-18,60.6
2018-06-19,60.6
2018-06-20,60.6
2018-06-21,60.95
2018-06-22,60.95
2018-06-25,60.95
2018-06-26,61.4
2018-06-27,61.6
2018-06-28,61.9
2018-06-29,62.3
2018-07-02,62.35
2018-07-03,63.6
2018-07-04,63.6
2018-07-05,63.75
2018-07-06,63.75
2018-07-09,64.75
2018-07-10,64.75
2018-07-11,63.3
2018-07-12,64.4
2018-07-13,64.4
2018-07-16,64.4
2018-07-17,64.4
2018-07-18,64.4
2018-07-19,64.4
2018-07-20,64.55
2018-07-23,64.55
2018-07-24,64.55
2018-07-25,64.55
2018-07-26,65.15
2018-07-27,65.15
2018-07-30,65.15
2018-07-31,65.2
2018-08-01,65.2
2018-08-02,65.2
2018-08-03,65.2
2018-08-06,65.3
2018-08-07,65.3
2018-08-08,65.3
2018-08-09,65.3
2018-08-10,65.3
2018-08-13,65.3
2018-08-14,65.4
2018-08-15,65.4
2018-08-16,65.4
2018-08-17,65.4
2018-08-20,65.7
2018-08-21,66.55
2018-08-22,66.65
2018-08-23,66.9
2018-08-24,66.9
2018-08-27,67.4
2018-08-28,67.4
2018-08-29,68.52
2018-08-30,69.97
2018-08-31,69.97
2018-09-03,99.3
2018-09-04,70.47
2018-09-05,70.55
2018-09-06,70.55
2018-09-07,70.55
2018-09-10,71.3
2018-09-11,71.3
2018-09-12,71.3
2018-09-13,71.55
2018-09-14,71.55
2018-09-17,71.55
2018-09-18,71.55
2018-09-19,71.55
2018-09-20,71.55
2018-09-21,71.8
2018-09-24,72.3
2018-09-25,72.95
2018-09-26,73.8
2018-09-27,75.55
2018-09-28,75.55
2018-10-01,76.55
2018-10-02,77.55
2018-10-03,77.8
2018-10-04,77.8
2018-10-05,77.8
2018-10-08,77.8
2018-10-09,77.8
2018-10-10,77.8
2018-10-11,77.8
2018-10-12,77.45
2018-10-15,77.15
2018-10-16,77.15
2018-10-17,77.15
2018-10-18,77.4
2018-10-19,77.4
2018-10-22,77.4
2018-10-23,77.45
2018-10-24,77.45
2018-10-25,77.45
2018-10-26,77.55
2018-10-29,77.55
2018-10-30,78.05
2018-10-31,78.05
2018-11-01,78.05
2018-11-02,78.05
2018-11-05,78.05
2018-11-06,78.05
2018-11-07,77.55
2018-11-08,77.55
2018-11-09,77.55
2018-11-12,77.55
2018-11-13,77.55
2018-11-14,78.05
2018-11-15,78.05
2018-11-16,78.05
2018-11-19,78.05
2018-11-20,77.05
2018-11-21,77.05
2018-11-22,77.05
2018-11-23,77.05
2018-11-26,72.4
2018-11-27,72.4
2018-11-28,72.4
2018-11-29,73.3
2018-11-30,73.55
2018-12-03,73.55
2018-12-04,73.55
2018-12-05,73.7
2018-12-06,73.95
2018-12-07,74.65
2018-12-10,74.65
2018-12-11,75.35
2018-12-12,76.35
2018-12-13,76.35
2018-12-14,76.05
2018-12-17,76.05
2018-12-18,76.05
2018-12-19,76.05
2018-12-20,76.05
2018-12-21,76.05
2018-12-24,76.05
2018-12-26,75.15
2018-12-27,75.15
2018-12-28,75.15
2018-12-31,75.15
2019-01-02,75.4
2019-01-03,75.55
2019-01-04,75.55
2019-01-07,75.55
2019-01-08,75.55
2019-01-09,75.55
2019-01-10,75.55
2019-01-11,75.55
2019-01-14,75.55
2019-01-15,75.55
2019-01-16,75.65
2019-01-17,75.8
2019-01-18,76.3
2019-01-21,76.3
2019-01-22,77.05
2019-01-23,77.05
2019-01-24,76.55
2019-01-25,76.55
2019-01-28,76.3
2019-01-29,76.3
2019-01-30,76.3
2019-01-31,76.3
2019-02-01,76.3
2019-02-04,76.3
2019-02-05,76.05
2019-02-06,75.8
2019-02-07,75.05
2019-02-08,75.05
2019-02-11,74.8
2019-02-12,74.55
2019-02-13,74.3
2019-02-14,73.8
2019-02-15,73.8
2019-02-18,73.8
2019-02-19,73.3
2019-02-20,73.05
2019-02-21,73.05
2019-02-22,71.55
2019-02-25,71.55
2019-02-26,70.8
2019-02-27,70.8
2019-02-28,70.8
2019-03-01,70.55
2019-03-04,70.55
2019-03-05,70.05
2019-03-06,69.3
2019-03-07,69.3
2019-03-08,69.05
2019-03-11,69.05
2019-03-12,69.05
2019-03-13,69.05
2019-03-14,69.05
2019-03-15,69.05
2019-03-18,69.05
2019-03-19,65.05
2019-03-20,65.05
2019-03-21,65.05
2019-03-22,65.05
2019-03-25,65.05
2019-03-26,67.05
2019-03-27,67.05
2019-03-28,67.05
2019-03-29,67.05
2019-04-01,67.05
2019-04-02,66.05
2019-04-03,65.05
2019-04-04,65.05
2019-04-05,65.05
2019-04-08,65.05
2019-04-09,65.05
2019-04-10,65.05
2019-04-11,63.8
2019-04-12,63.8
2019-04-15,63.8
2019-04-16,63.8
2019-04-17,63.8
2019-04-18,63.8
2019-04-22,63.8
2019-04-23,63.8
2019-04-24,63.55
2019-04-25,63.55
2019-04-26,63.55
2019-04-29,63.55
2019-04-30,63.55
2019-05-01,62.95
2019-05-02,62.95
2019-05-03,62.95
2019-05-06,62.95
2019-05-07,62.95
2019-05-08,62.95
2019-05-09,62.95
2019-05-10,62.95
2019-05-13,62.95
2019-05-14,61.55
2019-05-15,59.05
2019-05-16,59.05
2019-05-17,57.55
2019-05-20,57.55
2019-05-21,55.55
2019-05-22,55.55
2019-05-23,55.55
2019-05-24,55.55
2019-05-27,55.55
2019-05-28,55.55
2019-05-29,55.55
2019-05-30,55.55
2019-05-31,55.55
2019-06-03,55.55
2019-06-04,55.55
2019-06-05,55.55
2019-06-06,55.55
2019-06-07,55.55
2019-06-10,55.55
2019-06-11,55.05
2019-06-12,55.05
2019-06-13,54.55
2019-06-14,54.55
2019-06-17,54.55
2019-06-18,54.55
2019-06-19,54.55
2019-06-20,54.55
2019-06-21,54.55
2019-06-24,54.55
2019-06-25,54.55
2019-06-26,54.55
2019-06-27,54.55
2019-06-28,54.3
2019-07-01,54.3
2019-07-02,54.05
2019-07-03,54.05
2019-07-04,54.05
2019-07-05,54.05
2019-07-08,54.05
2019-07-09,54.05
2019-07-10,54.05
2019-07-11,54.05
2019-07-12,54.05
2019-07-15,54.05
2019-07-16,53.8
2019-07-17,53.8
2019-07-18,53.8
2019-07-19,53.8
2019-07-22,53.8
2019-07-23,53.8
2019-07-24,53.8
2019-07-25,53.8
2019-07-26,53.8
2019-07-29,53.8
2019-07-30,53.8
2019-07-31,53.8
2019-08-01,53.8
2019-08-02,53.8
2019-08-05,53.55
2019-08-06,53.55
2019-08-07,53.55
2019-08-08,53.55
2019-08-09,53.55
2019-08-12,53.55
2019-08-13,51.55
2019-08-14,50.55
2019-08-15,48.8
2019-08-16,48.8
2019-08-19,48.8
2019-08-20,48.8
2019-08-21,48.05
2019-08-22,48.05
2019-08-23,47.8
2019-08-26,47.8
2019-08-27,47.8
2019-08-28,47.8
2019-08-29,46.55
2019-08-30,46.55
2019-09-02,46.55
2019-09-03,46.55
2019-09-04,46.55
2019-09-05,46.05
2019-09-06,45.55
2019-09-09,45.55
2019-09-10,45.55
2019-09-11,45.05
2019-09-12,45.05
2019-09-13,45.05
2019-09-16,45.05
2019-09-17,45.05
2019-09-18,45.05
2019-09-19,45.05
2019-09-20,44.05
2019-09-23,44.05
2019-09-24,44.05
2019-09-25,44.05
2019-09-26,43.55
2019-09-27,43.55
2019-09-30,43.55
2019-10-01,43.55
2019-10-02,43.55
2019-10-03,43.55
2019-10-04,43.55
2019-10-07,43.55
2019-10-08,44.55
2019-10-09,44.55
2019-10-10,44.55
2019-10-11,44.55
2019-10-14,44.55
2019-10-15,44.05
2019-10-16,44.05
2019-10-17,44.05
2019-10-18,44.05
2019-10-21,44.05
2019-10-22,44.05
2019-10-23,44.05
2019-10-24,44.05
2019-10-25,44.05
2019-10-28,44.55
2019-10-29,44.55
2019-10-30,44.55
2019-10-31,44.55
2019-11-01,43.8
2019-11-04,43.8
2019-11-05,43.8
2019-11-06,43.8
2019-11-07,43.8
2019-11-08,43.8
2019-11-11,43.8
2019-11-12,43.8
2019-11-13,43.8
2019-11-14,43.8
2019-11-15,43.8
2019-11-18,43.8
2019-11-19,43.8
2019-11-20,43.8
2019-11-21,43.8
2019-11-22,43.8
2019-11-25,43.8
2019-11-26,46.05
2019-11-27,46.05
2019-11-28,46.05
2019-11-29,46.05
2019-12-02,45.55
2019-12-03,45.55
2019-12-04,45.55
2019-12-05,45.55
2019-12-06,45.55
2019-12-09,45.55
2019-12-10,45.55
2019-12-11,45.55
2019-12-12,45.55
2019-12-13,45.55
2019-12-16,45.55
2019-12-17,45.55
2019-12-18,45.55
2019-12-19,45.55
2019-12-20,45.55
2019-12-23,45.05
2019-12-24,45.05
2019-12-26,45.55
2019-12-27,45.55
2019-12-30,45.55
2019-12-31,45.55
2020-01-02,45.55
2020-01-03,45.55
2020-01-06,45.55
2020-01-07,45.55
2020-01-08,45.55
2020-01-09,45.55
2020-01-10,45.55
2020-01-13,45.55
2020-01-14,45.55
2020-01-15,45.55
2020-01-16,45.55
2020-01-17,45.55
2020-01-20,45.55
2020-01-21,45.55
2020-01-22,45.55
2020-01-23,45.55
2020-01-24,45.55
2020-01-27,46.05
2020-01-28,46.05
2020-01-29,46.05
2020-01-30,46.05
2020-01-31,46.05
2020-02-03,44.05
2020-02-04,44.05
2020-02-05,44.05
2020-02-06,44.05
2020-02-07,44.05
2020-02-10,44.05
2020-02-11,44.05
2020-02-12,44.05
2020-02-13,44.05
2020-02-14,44.05
2020-02-17,44.05
2020-02-18,44.05
2020-02-19,44.05
2020-02-20,44.05
2020-02-21,44.05
2020-02-24,44.05
2020-02-25,44.05
2020-02-26,45.05
2020-02-27,45.05
2020-02-28,45.05
2020-03-02,45.05
2020-03-03,45.05
2020-03-04,45.05
2020-03-05,44.05
2020-03-06,41.55
2020-03-09,37.05
2020-03-10,37.05
2020-03-11,36.05
2020-03-12,36.05
2020-03-13,36.05
2020-03-16,34.05
2020-03-17,34.05
2020-03-18,34.05
2020-03-19,34.05
2020-03-20,34.05
2020-03-23,34.05
2020-03-24,34.05
2020-03-25,34.05
2020-03-26,34.05
2020-03-27,34.05
2020-03-30,50.75
2020-03-31,49.3
2020-04-01,48.1
2020-04-02,47.45
2020-04-03,46.1
2020-04-06,46.3
2020-04-07,47.05
2020-04-08,46.6
2020-04-09,46.8
2020-04-13,46.7
2020-04-14,45.75
2020-04-15,45.3
2020-04-16,45.5
2020-04-17,45.4
2020-04-20,45.55
2020-04-21,45.45
2020-04-22,45.15
2020-04-23,44.9
2020-04-24,41.1
2020-04-27,39.1
2020-04-28,38.45
2020-04-29,39.0
2020-04-30,39.85
2020-05-01,39.5
2020-05-04,39.0
2020-05-05,39.6
2020-05-06,40.0
2020-05-07,40.2
2020-05-08,40.0
2020-05-11,39.9
2020-05-12,39.7
2020-05-13,39.35
2020-05-14,39.1
2020-05-15,38.75
2020-05-18,38.85
2020-05-19,38.85
2020-05-20,38.8
2020-05-21,38.75
2020-05-22,38.65
2020-05-25,38.75
2020-05-26,38.6
2020-05-27,38.7
2020-05-28,38.8
2020-05-29,38.5
2020-06-01,44.85
2020-06-02,46.75
2020-06-03,46.6
2020-06-04,45.7
2020-06-05,46.2
2020-06-08,45.95
2020-06-09,45.6
2020-06-10,44.95
2020-06-11,44.35
2020-06-12,44.5
2020-06-15,45.0
2020-06-16,44.8
2020-06-17,44.6
2020-06-18,44.7
2020-06-19,45.0
2020-06-22,45.6
2020-06-23,44.85
2020-06-24,45.25
2020-06-25,45.25
2020-06-26,45.45
2020-06-29,50.05
2020-06-30,49.85
2020-07-01,49.95
2020-07-02,51.05
2020-07-03,50.9
2020-07-06,51.2
2020-07-07,50.65
2020-07-08,49.5
2020-07-09,49.3
2020-07-10,48.7
2020-07-13,48.8
2020-07-14,48.65
2020-07-15,49.0
2020-07-16,49.0
2020-07-17,49.25
2020-07-20,49.05
2020-07-21,49.6
2020-07-22,49.7
2020-07-23,49.6
2020-07-24,49.55
2020-07-27,49.5
2020-07-28,49.7
2020-07-29,49.7
2020-07-30,49.85
2020-07-31,49.9
2020-08-03,51.7
2020-08-04,51.6
2020-08-05,51.3
2020-08-06,50.2
2020-08-07,50.8
2020-08-10,50.55
2020-08-11,50.3
2020-08-12,49.7
2020-08-13,49.5
2020-08-14,49.25
2020-08-17,49.4
2020-08-18,49.35
2020-08-19,49.15
2020-08-20,48.9
2020-08-21,48.65
2020-08-24,48.8
2020-08-25,48.9
2020-08-26,48.95
2020-08-27,48.9
2020-08-28,49.0
2020-08-31,52.9
2020-09-01,52.7
2020-09-02,51.5
2020-09-03,51.5
2020-09-04,51.4
2020-09-07,51.0
2020-09-08,51.2
2020-09-09,51.2
2020-09-10,51.7
2020-09-11,51.7
2020-09-14,51.7
2020-09-15,51.8
2020-09-16,51.9
2020-09-17,51.9
2020-09-18,52.0
2020-09-21,52.1
2020-09-22,52.1
2020-09-23,52.15
2020-09-24,52.25
2020-09-25,52.35
2020-09-28,57.2
2020-09-29,57.05
2020-09-30,57.2
2020-10-01,57.35
2020-10-02,56.4
2020-10-05,57.7
2020-10-06,57.7
2020-10-07,57.65
2020-10-08,57.7
2020-10-09,57.6
2020-10-12,56.85
2020-10-13,56.5
2020-10-14,56.6
2020-10-15,56.8
2020-10-16,57.0
2020-10-19,57.1
2020-10-20,57.1
2020-10-21,56.5
2020-10-22,56.75
2020-10-23,56.7
2020-10-26,56.7
2020-10-27,56.55
2020-10-28,56.5
2020-10-29,56.1
2020-10-30,56.05
2020-11-02,50.9
2020-11-03,51.05
2020-11-04,50.85
2020-11-05,51.4
2020-11-06,50.8
2020-11-09,51.05
2020-12-09,63.3
2020-12-10,64.0
2020-12-11,65.0
2020-12-14,65.4
2020-12-15,65.8
2020-12-16,65.6
2020-12-17,65.65
2020-12-18,66.0
2020-12-21,66.1
2020-12-22,66.1
2020-12-23,66.05
2020-12-24,66.1
2020-12-31,69.0
2021-01-04,69.3
2021-01-05,64.9
2021-01-06,64.25
2021-01-07,66.6
2021-01-08,68.5
2021-01-11,68.5
2021-01-12,70.5
2021-01-13,70.15
2021-01-14,69.9
2021-01-15,68.6
2021-01-18,67.25
2021-01-19,67.5
2021-01-20,67.5
2021-01-21,67.55
2021-01-22,67.5
2021-01-25,67.45
2021-01-26,67.65
2021-01-27,67.7
2021-01-28,67.8
2021-01-29,67.8
2021-02-01,65.6
2021-02-02,65.4
2021-02-03,63.75
2021-02-04,65.0
2021-02-05,66.45
2021-02-08,68.25
2021-02-09,68.6
2021-02-10,68.0
2021-02-11,67.35
2021-02-12,67.0
2021-02-15,65.3
2021-02-16,65.6
2021-02-17,65.35
2021-02-18,65.55
2021-02-19,65.95
2021-02-22,65.95
2021-02-23,65.9
2021-02-24,65.7
2021-02-25,65.8
2021-02-26,66.15
2021-03-01,65.4
2021-03-02,66.15
2021-03-03,65.7
2021-03-04,65.2
2021-03-05,65.25
2021-03-08,65.5
2021-03-09,66.0
2021-03-10,65.8
2021-03-11,65.8
2021-03-12,66.05
2021-03-15,66.35
2021-03-16,66.3
2021-03-17,67.55
2021-03-18,68.1
2021-03-19,68.45
2021-03-22,68.5
2021-03-23,68.5
2021-03-24,68.5
2021-03-25,68.5
2021-03-26,68.5
2021-03-29,70.6
2021-03-30,70.0
2021-03-31,70.05
2021-04-01,70.2
2021-04-05,70.2
2021-04-06,70.3
2021-04-07,68.8
2021-04-08,67.2
2021-04-09,67.55
2021-04-12,68.35
2021-04-13,68.85
2021-04-14,69.15
2021-04-15,70.2
2021-04-16,71.6
2021-04-19,71.5
2021-04-20,71.5
2021-04-21,71.5
2021-04-22,71.8
2021-04-23,71.8
2021-04-26,71.7
2021-04-27,71.85
2021-04-28,71.75
2021-04-29,71.9
2021-04-30,71.9
2021-05-03,78.65
2021-05-04,78.5
2021-05-05,80.05
2021-05-06,81.55
2021-05-07,82.5
2021-05-10,83.8
2021-05-11,84.8
2021-05-12,85.85
2021-05-13,85.7
2021-05-14,85.4
2021-05-17,84.5
2021-05-18,84.6
2021-05-19,84.0
2021-05-20,84.75
2021-05-21,85.2
2021-05-24,85.5
2021-05-25,85.75
2021-05-26,85.65
2021-05-27,85.75
2021-05-28,85.75
2021-06-01,95.8
2021-06-02,96.4
2021-06-03,100.5
2021-06-04,101.25
2021-06-07,106.0
2021-06-08,105.75
2021-06-09,108.25
2021-06-10,110.0
2021-06-11,110.0
2021-06-14,109.0
2021-06-15,108.0
2021-06-16,108.0
2021-06-17,107.8
2021-06-18,107.75
2021-06-21,107.0
2021-06-22,107.25
2021-06-23,108.0
2021-06-24,108.25
2021-06-25,108.5
2021-06-28,113.15
2021-06-29,115.05
2021-06-30,120.75
2021-07-01,122.25
2021-07-02,123.6
2021-07-05,127.25
2021-07-06,123.8
2021-07-07,124.65
2021-07-08,125.5
2021-07-09,126.8
2021-07-12,126.65
2021-07-13,131.1
2021-07-14,131.75
2021-07-15,132.0
2021-07-16,132.6
2021-07-19,133.1
2021-07-20,132.1
2021-07-21,132.6
2021-07-22,131.9
2021-07-23,132.3
2021-07-26,132.1
2021-07-27,132.6
2021-07-28,132.9
2021-07-29,132.9
2021-07-30,132.9
2021-08-02,139.7
2021-08-03,140.05
2021-08-04,141.1
2021-08-05,142.15
2021-08-06,143.9
2021-08-09,145.75
2021-08-10,146.0
2021-08-11,147.6
2021-08-12,150.0
2021-08-13,149.7
2021-08-16,151.85
2021-08-17,149.9
2021-08-18,149.95
2021-08-19,145.9
2021-08-20,144.5
2021-08-23,148.35
2021-08-24,148.5
2021-08-25,148.9
2021-08-26,149.0
2021-08-27,148.95
2021-08-31,153.75
2021-09-01,156.25
2021-09-02,162.2
2021-09-03,165.15
2021-09-06,168.0
2021-09-07,168.2
2021-09-08,169.0
2021-09-09,169.7
2021-09-10,170.85
2021-09-13,171.7
2021-09-14,171.0
2021-09-15,169.5
2021-09-16,166.9
2021-09-17,168.6
2021-09-20,171.05
2021-09-21,171.4
2021-09-22,172.0
2021-09-23,172.85
2021-09-24,187.75
2021-09-27,201.75
2021-09-28,202.3
2021-09-29,208.5
2021-09-30,218.65
2021-10-01,233.05
2021-10-04,247.75
2021-10-05,274.5
2021-10-06,237.1
2021-10-07,232.65
2021-10-08,230.0
2021-10-11,241.5
2021-10-12,243.15
2021-10-13,244.95
2021-10-14,243.65
2021-10-15,240.05
2021-10-18,238.65
2021-10-19,234.5
2021-10-20,232.6
2021-10-21,228.5
2021-10-22,231.25
2021-10-25,237.15
2021-10-26,234.0
2021-10-27,232.85
2021-10-28,233.0
2021-10-29,232.65
2021-11-01,136.0
2021-11-02,139.75
2021-11-03,149.5
2021-11-04,148.0
2021-11-05,148.25
2021-11-08,157.5
2021-11-09,152.0
2021-11-10,142.1
2021-11-11,142.0
2021-11-12,139.0
2021-11-15,138.65
2021-11-16,141.5
2021-11-17,142.95
2021-11-18,144.75
2021-11-19,145.25
2021-11-22,146.5
2021-11-23,150.0
2021-11-24,149.6
2021-11-25,148.0
2021-11-26,148.0
2021-11-29,127.0
2021-11-30,111.1
2021-12-01,123.1
2021-12-02,124.25
2021-12-03,121.5
2021-12-06,122.2
2021-12-07,129.1
2021-12-08,134.55
2021-12-09,134.9
2021-12-10,134.9
2021-12-13,136.5
2021-12-14,140.55
2021-12-15,141.7
2021-12-16,147.9
2021-12-17,146.0
2021-12-20,146.0
2021-12-21,147.0
2021-12-22,146.95
2021-12-23,142.75
2021-12-24,142.0
2021-12-27,140.7
2021-12-28,135.6
2021-12-29,138.35
2021-12-30,138.0
2021-12-31,137.55
2022-01-03,120.0
2022-01-04,130.1
2022-01-05,137.3
2022-01-06,143.5
2022-01-07,140.2
2022-01-10,138.55
2022-01-11,136.0
2022-01-12,139.0
2022-01-13,148.9
2022-01-14,154.0
2022-01-17,156.0
2022-01-18,162.3
2022-01-19,161.75
2022-01-20,159.5
2022-01-21,162.05
2022-01-24,163.25
2022-01-25,164.6
2022-01-26,165.95
2022-01-27,165.95
2022-01-28,166.5
2022-01-31,178.25
2022-02-01,174.5
2022-02-02,177.3
2022-02-03,177.45
2022-02-04,183.0
2022-02-07,182.5
2022-02-08,186.1
2022-02-09,187.75
2022-02-10,188.15
2022-02-11,189.5
2022-02-14,190.35
2022-02-15,186.65
2022-02-16,183.65
2022-02-17,183.05
2022-02-18,184.1
2022-02-21,185.15
2022-02-22,189.0
2022-02-23,190.65
2022-02-24,193.1
2022-02-25,193.0
2022-02-28,254.25
2022-03-01,315.0
2022-03-02,436.5
2022-03-03,353.75
2022-03-04,432.5
2022-03-07,425.2
2022-03-08,439.0
2022-03-09,418.0
2022-03-10,367.5
2022-03-11,363.95
2022-03-14,357.35
2022-03-15,336.25
2022-03-16,312.0
2022-03-17,316.0
2022-03-18,324.0
2022-03-21,318.2
2022-03-22,323.0
2022-03-23,326.85
2022-03-24,325.05
2022-03-25,324.85
2022-03-28,270.4
2022-03-29,268.3
2022-03-30,271.65
2022-03-31,273.0
2022-04-01,265.4
2022-04-04,262.0
2022-04-05,290.1
2022-04-06,290.65
2022-04-07,280.7
2022-04-08,295.0
2022-04-11,300.0
2022-04-12,320.0
2022-04-13,321.35
2022-04-14,322.55
2022-04-18,322.55
2022-04-19,322.5
2022-04-20,327.35
2022-04-21,326.85
2022-04-22,326.65
2022-04-25,326.0
2022-04-26,324.75
2022-04-27,323.55
2022-04-28,322.85
2022-04-29,322.85
2022-05-02,259.8
2022-05-03,283.1
2022-05-04,311.5
2022-05-05,321.0
2022-05-06,319.5
2022-05-09,310.85
2022-05-10,313.15
2022-05-11,319.0
2022-05-12,325.5
2022-05-13,319.0
2022-05-16,324.0
2022-05-17,329.35
2022-05-18,331.8
2022-05-19,332.0
2022-05-20,336.35
2022-05-23,332.35
2022-05-24,331.05
2022-05-25,330.65
2022-05-26,330.6
2022-05-27,329.75
2022-05-30,306.0
2022-05-31,333.0
2022-06-01,326.15
2022-06-02,327.15
2022-06-03,327.15
2022-06-06,333.6
2022-06-07,326.2
2022-06-08,330.0
2022-06-09,323.0
2022-06-10,317.5
2022-06-13,317.15
2022-06-14,323.0
2022-06-15,332.45
2022-06-16,330.65
2022-06-17,335.0
2022-06-20,345.35
2022-06-21,345.5
2022-06-22,345.5
2022-06-23,350.0
2022-06-24,348.1
2022-06-27,372.0
2022-06-28,366.5
2022-06-29,364.75
2022-06-30,370.0
2022-07-01,369.0
2022-07-04,376.0
2022-07-05,380.0
2022-07-06,384.75
2022-07-07,385.0
2022-07-08,388.9
2022-07-11,390.0
2022-07-12,397.5
2022-07-13,395.0
2022-07-14,392.6
2022-07-15,385.05
2022-07-18,374.0
2022-07-19,375.0
2022-07-20,376.95
2022-07-21,376.05
2022-07-22,376.3
2022-07-25,387.35
2022-07-26,389.5
2022-07-27,387.0
2022-07-28,390.25
2022-07-29,388.0
2022-08-01,365.5
2022-08-02,366.05
2022-08-03,355.0
2022-08-04,329.5
2022-08-05,313.65
2022-08-08,320.0
2022-08-09,328.75
2022-08-10,342.0
2022-08-11,344.0
2022-08-12,350.5
2022-08-15,353.9
2022-08-16,358.05
2022-08-17,359.75
2022-08-18,365.0
2022-08-19,371.25
2022-08-22,377.75
2022-08-23,370.0
2022-08-24,371.25
2022-08-25,368.0
2022-08-26,368.8
2022-08-29,375.05
2022-08-30,365.75
2022-08-31,367.0
2022-09-01,370.25
2022-09-02,376.0
2022-09-06,380.0
2022-09-07,363.05
2022-09-08,341.0
2022-09-09,337.0
2022-09-12,329.0
2022-09-13,336.0
2022-09-14,336.0
2022-09-15,337.2
2022-09-16,331.0
2022-09-19,334.25
2022-09-20,323.65
2022-09-21,324.05
2022-09-22,323.65
2022-09-23,327.0
2022-09-26,325.75
2022-09-27,325.6
2022-09-28,328.15
2022-09-29,328.15
2022-09-30,328.5
2022-10-03,315.85
2022-10-04,301.0
2022-10-05,294.35
2022-10-06,267.85
2022-10-07,261.6
2022-10-10,262.0
2022-10-11,265.85
2022-10-12,280.1
2022-10-13,272.5
2022-10-14,274.0
2022-10-17,270.5
2022-10-18,267.0
2022-10-19,268.0
2022-10-20,270.0
2022-10-21,270.0
2022-10-24,269.55
2022-10-25,270.05
2022-10-26,269.1
2022-10-27,267.9
2022-10-28,275.15
2022-10-31,219.25
2022-11-01,225.1
2022-11-02,229.5
2022-11-03,221.0
2022-11-04,216.0
2022-11-07,200.9
2022-11-08,191.5
2022-11-09,188.8
2022-11-10,190.65
2022-11-11,190.55
2022-11-14,194.0
2022-11-15,203.5
2022-11-16,197.0
2022-11-17,202.0
2022-11-18,207.65
2022-11-21,216.2
2022-11-22,213.0
2022-11-23,213.9
2022-11-24,213.8
2022-11-25,214.7
2022-11-28,249.0
2022-11-29,260.0
2022-11-30,279.0
2022-12-01,266.0
2022-12-02,267.0
2022-12-05,262.25
2022-12-06,266.65
2022-12-07,263.3
2022-12-08,256.5
2022-12-09,260.9
2022-12-12,250.25
2022-12-13,247.0
2022-12-14,240.6
2022-12-15,240.0
2022-12-16,234.2
2022-12-19,230.5
2022-12-20,230.45
2022-12-21,228.0
2022-12-22,229.5
2022-12-23,228.7
2022-12-27,223.35
2022-12-28,227.35
2022-12-29,227.85
2022-12-30,228.35
2023-01-02,190.5
2023-01-03,187.25
2023-01-04,178.75
2023-01-05,177.75
2023-01-06,172.3
2023-01-09,172.6
2023-01-10,172.1
2023-01-11,165.0
2023-01-12,172.7
2023-01-13,169.0
2023-01-16,168.0
2023-01-17,170.0
2023-01-18,175.0
2023-01-19,175.0
2023-01-20,174.45
2023-01-23,172.4
2023-01-24,170.0
2023-01-25,166.75
2023-01-26,166.4
2023-01-27,167.15
2023-01-30,139.0
2023-01-31,136.65
2023-02-01,142.1
2023-02-02,136.85
2023-02-03,138.5
2023-02-06,139.25
2023-02-07,136.0
2023-02-08,129.65
2023-02-09,128.0
2023-02-10,132.0
2023-02-13,132.0
2023-02-14,134.0
2023-02-15,136.5
2023-02-16,137.0
2023-02-17,136.5
2023-02-20,136.5
2023-02-21,137.0
2023-02-22,137.15
2023-02-23,139.0
2023-02-24,137.9
2023-02-27,148.15
2023-02-28,145.9
2023-03-01,143.85
2023-03-02,141.4
2023-03-03,131.75
2023-03-06,123.0
2023-03-07,124.5
2023-03-08,123.35
2023-03-09,126.75
2023-03-10,135.0
2023-03-13,138.65
2023-03-14,141.0
2023-03-15,138.0
2023-03-16,138.0
2023-03-17,134.5
2023-03-20,134.5
2023-03-21,139.0
2023-03-22,137.1
2023-03-23,135.8
2023-03-24,135.15
2023-03-27,136.75
2023-03-28,137.8
2023-03-29,137.75
2023-03-30,137.9
2023-03-31,137.8
2023-04-03,149.0
2023-04-04,144.05
2023-04-05,139.0
2023-04-06,135.1
2023-04-10,135.1
2023-04-11,129.45
2023-04-12,133.8
2023-04-13,134.4
2023-04-14,135.9
2023-04-17,136.0
2023-04-18,137.05
2023-04-19,138.0
2023-04-20,138.65
2023-04-21,139.25
2023-04-24,138.75
2023-04-25,140.0
2023-04-26,140.15
2023-04-27,140.0
2023-04-28,140.0
2023-05-01,136.4
2023-05-02,136.1
2023-05-03,131.5
2023-05-04,125.3
2023-05-05,127.15
2023-05-08,127.15
2023-05-09,125.0
2023-05-10,122.45
2023-05-11,119.1
2023-05-12,119.45
2023-05-15,118.15
2023-05-16,117.5
2023-05-17,118.5
2023-05-18,116.9
2023-05-19,118.7
2023-05-22,119.0
2023-05-23,119.0
2023-05-24,118.4
2023-05-25,118.65
2023-05-26,118.1
2023-05-29,98.95
2023-05-30,93.0
2023-05-31,95.5
2023-06-01,93.95
2023-06-02,100.85
2023-06-05,111.0
2023-06-06,106.65
2023-06-07,110.0
2023-06-08,112.9
2023-06-09,115.75
2023-06-12,114.65
2023-06-13,117.5
2023-06-14,116.4
2023-06-15,116.45
2023-06-16,115.05
2023-06-19,114.05
2023-06-20,117.2
2023-06-21,116.75
2023-06-22,115.15
2023-06-23,114.6
2023-06-26,115.0
2023-06-27,115.0
2023-06-28,115.0
2023-06-29,114.9
2023-06-30,115.5
2023-07-03,121.45
2023-07-04,123.3
2023-07-05,123.6
2023-07-06,117.25
2023-07-07,116.35
2023-07-10,110.95
2023-07-11,105.9
2023-07-12,104.05
2023-07-13,103.65
2023-07-14,104.15
2023-07-17,104.0
2023-07-18,108.95
2023-07-19,108.0
2023-07-20,109.75
2023-07-21,110.5
2023-07-24,111.05
2023-07-25,111.15
2023-07-26,111.25
2023-07-27,111.0
2023-07-28,110.75
2023-07-31,105.25
2023-08-01,104.2
2023-08-02,105.25
2023-08-03,108.5
2023-08-04,108.25
2023-08-07,112.25
2023-08-08,114.75
2023-08-09,115.85
2023-08-10,117.5
2023-08-11,116.5
2023-08-14,115.6
2023-08-15,116.75
2023-08-16,115.85
2023-08-17,116.0
2023-08-18,116.75
2023-08-21,118.5
2023-08-22,118.8
2023-08-23,118.25
2023-08-24,118.15
2023-08-25,117.75
2023-08-28,124.5
2023-08-29,123.1
2023-08-30,122.25
2023-08-31,118.75
2023-09-01,116.9
2023-09-04,117.3
2023-09-05,119.35
2023-09-06,116.5
2023-09-07,116.65
2023-09-08,116.85
2023-09-11,117.2
2023-09-12,118.85
2023-09-13,120.85
2023-09-14,121.35
2023-09-15,122.25
2023-09-18,122.5
2023-09-19,122.5
2023-09-20,122.5
2023-09-21,122.25
2023-09-22,122.25
2023-09-25,122.55
2023-09-26,124.0
2023-09-27,123.15
2023-09-28,123.0
2023-09-29,123.3
2023-10-02,125.65
2023-10-03,120.8
2023-10-04,119.1
2023-10-05,119.5
2023-10-06,122.8
2023-10-09,126.5
2023-10-10,130.25
2023-10-11,130.25
2023-10-12,134.5
2023-10-13,138.4
2023-10-16,138.5
2023-10-17,138.5
2023-10-18,138.15
2023-10-19,137.5
2023-10-20,138.0
2023-10-23,137.25
2023-10-24,137.15
2023-10-25,135.8
2023-10-26,136.0
2023-10-27,136.0
2023-10-30,128.6
2023-10-31,123.5
2023-11-01,122.5
2023-11-02,124.1
2023-11-03,124.55
2023-11-06,120.25
2023-11-07,121.0
2023-11-08,125.1
2023-11-09,126.55
2023-11-10,124.7
2023-11-13,124.7
2023-11-14,124.45
2023-11-15,123.4
2023-11-16,122.7
2023-11-17,120.9
2023-11-20,122.5
2023-11-21,122.4
2023-11-22,122.85
2023-11-23,123.65
2023-11-24,123.75
2023-11-27,116.7
2023-11-28,114.85
2023-11-29,114.4
2023-11-30,118.9
2023-12-01,120.4
2023-12-04,118.9
2023-12-05,117.95
2023-12-06,120.75
2023-12-07,121.75
2023-12-08,122.9
2023-12-11,121.95
2023-12-12,117.8
2023-12-13,117.75
2023-12-14,117.75
2023-12-15,117.0
2023-12-18,117.2
2023-12-19,115.9
2023-12-20,115.95
2023-12-21,115.75
2023-12-22,116.0
2023-12-26,113.5
2023-12-27,117.5
2023-12-28,117.25
2023-12-29,117.6
2024-01-02,106.15
2024-01-03,108.95
2024-01-04,112.3
2024-01-05,116.0
2024-01-08,113.2
2024-01-09,111.25
2024-01-10,109.0
2024-01-11,106.5
2024-01-12,108.8
2024-01-15,107.5
2024-01-16,107.75
2024-01-17,107.1
2024-01-18,107.05
2024-01-19,106.0
2024-01-22,105.35
2024-01-23,105.5
2024-01-24,105.8
2024-01-25,105.6
2024-01-26,106.0
2024-01-29,94.3
2024-01-30,96.15
2024-01-31,99.6
2024-02-01,97.3
2024-02-02,98.4
2024-02-05,98.15
2024-02-06,98.6
2024-02-07,98.6
2024-02-08,97.65
2024-02-09,96.0
2024-02-12,94.5
2024-02-13,94.1
2024-02-14,93.8
2024-02-15,94.45
2024-02-16,94.5
2024-02-19,94.4
2024-02-20,94.55
2024-02-21,95.25
2024-02-22,95.7
2024-02-23,95.55
2024-02-26,98.85
2024-02-27,100.1
2024-02-28,104.5
2024-02-29,104.4
2024-03-01,106.95
2024-03-04,111.1
2024-03-05,112.75
2024-03-06,112.6
2024-03-07,110.5
2024-03-08,111.0
2024-03-11,108.65
2024-03-12,109.4
2024-03-13,109.8
2024-03-14,112.25
2024-03-15,112.35
2024-03-18,112.15
2024-03-19,112.95
2024-03-20,111.75
2024-03-21,112.55
2024-03-22,113.4
2024-03-25,113.75
2024-03-26,113.6
2024-03-27,113.95
2024-03-28,114.05
2024-04-01,119.55
2024-04-02,122.15
2024-04-03,117.8
2024-04-04,116.5
2024-04-05,117.9
2024-04-08,118.0
2024-04-09,118.1
2024-04-10,118.45
2024-04-11,120.75
2024-04-12,121.3
2024-04-15,120.7
2024-04-16,121.5
2024-04-17,120.35
2024-04-18,120.35
2024-04-19,120.0
2024-04-22,118.65
2024-04-23,118.9
2024-04-24,118.2
2024-04-25,118.55
2024-04-26,118.0
2024-04-29,101.3
2024-04-30,102.9
2024-05-01,107.1
2024-05-02,107.9
2024-05-03,107.15
2024-05-06,109.35
2024-05-07,109.25
2024-05-08,106.0
2024-05-09,107.75
2024-05-10,106.9
2024-05-13,105.5
2024-05-14,105.2
2024-05-15,105.6
2024-05-16,106.45
2024-05-17,105.0
2024-05-20,105.8
2024-05-21,106.8
2024-05-22,105.05
2024-05-23,105.2
2024-05-24,105.1
2024-05-27,104.05
2024-05-28,104.85
2024-05-29,105.25
2024-05-30,105.55
2024-05-31,105.5
2024-06-03,119.0
2024-06-04,116.9
2024-06-05,112.1
2024-06-06,109.85
2024-06-07,108.0
2024-06-10,109.6
2024-06-11,108.65
2024-06-12,109.5
2024-06-13,110.7
2024-06-14,109.6
2024-06-17,109.1
2024-06-18,109.25
2024-06-19,110.75
2024-06-20,110.75
2024-06-21,108.0
2024-06-24,108.4
2024-06-25,108.9
2024-06-26,108.6
2024-06-27,109.0
2024-06-28,109.1
2024-07-01,103.5
2024-07-02,103.25
2024-07-03,103.75
2024-07-04,106.55
2024-07-05,105.0
2024-07-08,104.5
2024-07-09,103.0
2024-07-10,101.85
2024-07-11,102.3
2024-07-12,104.3
2024-07-15,106.15
2024-07-16,106.5
2024-07-17,104.6
2024-07-18,104.65
2024-07-19,105.2
2024-07-22,105.0
2024-07-23,105.25
2024-07-24,106.4
2024-07-25,106.25
2024-07-26,106.15
2024-07-29,115.25
2024-07-30,116.15
2024-07-31,116.85
2024-08-01,119.95
2024-08-02,121.35
2024-08-05,119.3
2024-08-06,120.8
2024-08-07,121.1
2024-08-08,121.4
2024-08-09,122.1
2024-08-12,122.75
2024-08-13,121.75
2024-08-14,121.65
2024-08-15,122.25
2024-08-16,120.65
2024-08-19,122.5
2024-08-20,121.5
2024-08-21,120.5
2024-08-22,121.25
2024-08-23,120.5
2024-08-26,120.4
2024-08-27,121.0
2024-08-28,121.75
2024-08-29,121.3
2024-08-30,121.7
2024-09-02,119.6
2024-09-03,116.8
2024-09-04,114.25
2024-09-05,114.0
2024-09-06,114.75
2024-09-09,114.7
2024-09-10,113.65
2024-09-11,113.45
2024-09-12,113.05
2024-09-13,114.1
2024-09-16,112.65
2024-09-17,114.65
2024-09-18,114.25
2024-09-19,114.25
2024-09-20,114.35
2024-09-23,114.65
2024-09-24,114.8
2024-09-25,114.95
2024-09-26,114.95
2024-09-27,114.6
2024-09-30,119.0
2024-10-01,117.9
2024-10-02,116.1
2024-10-03,117.0
2024-10-04,122.05
2024-10-07,121.2
2024-10-08,119.75
2024-10-09,118.8
2024-10-10,120.65
2024-10-11,119.5
2024-10-14,120.75
2024-10-15,119.1
2024-10-16,118.1
2024-10-17,118.55
2024-10-18,119.35
2024-10-21,118.6
2024-10-22,118.75
2024-10-23,119.1
2024-10-24,119.25
2024-10-25,119.65
2024-10-28,119.75
2024-10-29,121.55
2024-10-30,120.25
2024-10-31,120.0
2024-11-01,118.6
2024-11-04,119.05
2024-11-05,118.1
2024-11-06,117.2
2024-11-07,118.75
2024-11-08,119.7
2024-11-11,120.8
2024-11-12,120.85
2024-11-13,120.45
2024-11-14,121.45
2024-11-15,122.75
2024-11-18,122.6
2024-11-19,122.4
2024-11-20,122.3
2024-11-21,122.6
2024-11-22,122.35
2024-11-25,121.9
2024-11-26,121.6
2024-11-27,121.35
2024-11-28,121.6
2024-11-29,121.55
2024-12-02,117.85
2024-12-03,116.25
2024-12-04,115.2
2024-12-05,114.5
2024-12-06,114.0
2024-12-09,113.9
2024-12-10,113.9
2024-12-11,113.7
2024-12-12,112.55
2024-12-13,112.75
2024-12-16,111.3
2024-12-17,111.75
2024-12-18,111.4
2024-12-19,111.5
2024-12-20,111.85
2024-12-23,112.3
2024-12-24,112.0
2024-12-27,112.25
2024-12-30,112.65
2024-12-31,113.95
2025-01-02,114.5
2025-01-03,112.85
2025-01-06,109.95
2025-01-07,109.95
2025-01-08,108.1
2025-01-09,104.85
2025-01-10,105.4
2025-01-13,107.75
2025-01-14,105.35
2025-01-15,106.35
2025-01-16,107.2
