Date,Natural Gas
2015-01-02,3.0030
2015-01-05,2.8820
2015-01-06,2.9380
2015-01-07,2.8710
2015-01-08,2.9270
2015-01-09,2.9460
2015-01-12,2.7950
2015-01-13,2.9430
2015-01-14,3.2330
2015-01-15,3.1580
2015-01-16,3.1270
2015-01-20,2.8310
2015-01-21,2.9740
2015-01-22,2.8350
2015-01-23,2.9860
2015-01-26,2.8810
2015-01-27,2.9810
2015-01-28,2.8660
2015-01-29,2.7190
2015-01-30,2.6910
2015-02-02,2.6800
2015-02-03,2.7540
2015-02-04,2.6620
2015-02-05,2.6000
2015-02-06,2.5790
2015-02-09,2.5970
2015-02-10,2.6770
2015-02-11,2.7970
2015-02-12,2.7130
2015-02-13,2.8040
2015-02-17,2.7590
2015-02-18,2.8310
2015-02-19,2.8340
2015-02-20,2.9510
2015-02-23,2.8790
2015-02-24,2.9020
2015-02-25,2.8940
2015-02-26,2.6970
2015-02-27,2.7340
2015-03-02,2.6980
2015-03-03,2.7120
2015-03-04,2.7690
2015-03-05,2.8410
2015-03-06,2.8390
2015-03-09,2.6780
2015-03-10,2.7320
2015-03-11,2.8240
2015-03-12,2.7340
2015-03-13,2.7270
2015-03-16,2.7160
2015-03-17,2.8550
2015-03-18,2.9200
2015-03-19,2.8130
2015-03-20,2.7860
2015-03-23,2.7330
2015-03-24,2.7860
2015-03-25,2.7230
2015-03-26,2.6720
2015-03-27,2.5900
2015-03-30,2.6440
2015-03-31,2.6400
2015-04-01,2.6050
2015-04-02,2.7130
2015-04-06,2.6500
2015-04-07,2.6800
2015-04-08,2.6190
2015-04-09,2.5280
2015-04-10,2.5110
2015-04-13,2.5110
2015-04-14,2.5300
2015-04-15,2.6100
2015-04-16,2.6840
2015-04-17,2.6340
2015-04-20,2.5360
2015-04-21,2.5750
2015-04-22,2.6060
2015-04-23,2.5310
2015-04-24,2.5310
2015-04-27,2.4900
2015-04-28,2.5170
2015-04-29,2.6060
2015-04-30,2.7510
2015-05-01,2.7760
2015-05-04,2.8210
2015-05-05,2.7800
2015-05-06,2.7760
2015-05-07,2.7340
2015-05-08,2.8800
2015-05-11,2.8020
2015-05-12,2.8970
2015-05-13,2.9350
2015-05-14,3.0080
2015-05-15,3.0160
2015-05-18,3.0100
2015-05-19,2.9480
2015-05-20,2.9150
2015-05-21,2.9490
2015-05-22,2.8870
2015-05-26,2.8220
2015-05-27,2.8150
2015-05-28,2.7060
2015-05-29,2.6420
2015-06-01,2.6490
2015-06-02,2.6980
2015-06-03,2.6340
2015-06-04,2.6260
2015-06-05,2.5900
2015-06-08,2.7050
2015-06-09,2.8460
2015-06-10,2.8910
2015-06-11,2.8250
2015-06-12,2.7500
2015-06-15,2.8890
2015-06-16,2.8940
2015-06-17,2.8550
2015-06-18,2.7770
2015-06-19,2.8160
2015-06-22,2.7330
2015-06-23,2.7260
2015-06-24,2.7590
2015-06-25,2.8500
2015-06-26,2.7730
2015-06-29,2.8050
2015-06-30,2.8320
2015-07-01,2.7830
2015-07-02,2.8220
2015-07-06,2.7560
2015-07-07,2.7160
2015-07-08,2.6850
2015-07-09,2.7260
2015-07-10,2.7700
2015-07-13,2.8640
2015-07-14,2.8400
2015-07-15,2.9180
2015-07-16,2.8540
2015-07-17,2.8700
2015-07-20,2.8230
2015-07-21,2.8820
2015-07-22,2.8970
2015-07-23,2.8160
2015-07-24,2.7760
2015-07-27,2.7890
2015-07-28,2.8210
2015-07-29,2.8860
2015-07-30,2.7680
2015-07-31,2.7160
2015-08-03,2.7480
2015-08-04,2.8120
2015-08-05,2.7980
2015-08-06,2.8130
2015-08-07,2.7980
2015-08-10,2.8420
2015-08-11,2.8440
2015-08-12,2.9310
2015-08-13,2.7870
2015-08-14,2.8010
2015-08-17,2.7280
2015-08-18,2.7040
2015-08-19,2.7160
2015-08-20,2.7550
2015-08-21,2.6760
2015-08-24,2.6500
2015-08-25,2.6850
2015-08-26,2.6930
2015-08-27,2.6380
2015-08-28,2.7150
2015-08-31,2.6890
2015-09-01,2.7020
2015-09-02,2.6480
2015-09-03,2.7250
2015-09-04,2.6550
2015-09-08,2.7100
2015-09-09,2.6510
2015-09-10,2.6830
2015-09-11,2.6930
2015-09-14,2.7580
2015-09-15,2.7280
2015-09-16,2.6600
2015-09-17,2.6520
2015-09-18,2.6050
2015-09-21,2.5730
2015-09-22,2.5770
2015-09-23,2.5690
2015-09-24,2.5910
2015-09-25,2.5640
2015-09-28,2.5630
2015-09-29,2.5860
2015-09-30,2.5240
2015-10-01,2.4330
2015-10-02,2.4510
2015-10-05,2.4500
2015-10-06,2.4700
2015-10-07,2.4740
2015-10-08,2.4980
2015-10-09,2.5020
2015-10-12,2.5350
2015-10-13,2.4980
2015-10-14,2.5180
2015-10-15,2.4530
2015-10-16,2.4300
2015-10-19,2.4420
2015-10-20,2.4760
2015-10-21,2.4040
2015-10-22,2.3860
2015-10-23,2.2860
2015-10-26,2.0620
2015-10-27,2.0920
2015-10-28,2.0330
2015-10-29,2.2570
2015-10-30,2.3210
2015-11-02,2.2560
2015-11-03,2.2530
2015-11-04,2.2620
2015-11-05,2.3640
2015-11-06,2.3710
2015-11-09,2.3000
2015-11-10,2.3200
2015-11-11,2.2630
2015-11-12,2.2600
2015-11-13,2.3610
2015-11-16,2.3850
2015-11-17,2.3710
2015-11-18,2.3470
2015-11-19,2.2760
2015-11-20,2.1450
2015-11-23,2.2100
2015-11-24,2.2000
2015-11-25,2.2060
2015-11-27,2.2120
2015-11-30,2.2350
2015-12-01,2.2310
2015-12-02,2.1650
2015-12-03,2.1810
2015-12-04,2.1860
2015-12-07,2.0670
2015-12-08,2.0700
2015-12-09,2.0620
2015-12-10,2.0150
2015-12-11,1.9900
2015-12-14,1.8940
2015-12-15,1.8220
2015-12-16,1.7900
2015-12-17,1.7550
2015-12-18,1.7670
2015-12-21,1.9110
2015-12-22,1.8880
2015-12-23,1.9830
2015-12-24,2.0290
2015-12-28,2.2280
2015-12-29,2.3720
2015-12-30,2.2140
2015-12-31,2.3370
2016-01-04,2.3340
2016-01-05,2.3250
2016-01-06,2.2670
2016-01-07,2.3820
2016-01-08,2.4720
2016-01-11,2.3960
2016-01-12,2.2570
2016-01-13,2.2690
2016-01-14,2.1390
2016-01-15,2.1000
2016-01-19,2.0910
2016-01-20,2.1180
2016-01-21,2.1380
2016-01-22,2.1390
2016-01-25,2.1580
2016-01-26,2.1800
2016-01-27,2.1890
2016-01-28,2.1820
2016-01-29,2.2980
2016-02-01,2.1520
2016-02-02,2.0250
2016-02-03,2.0380
2016-02-04,1.9720
2016-02-05,2.0630
2016-02-08,2.1400
2016-02-09,2.0980
2016-02-10,2.0460
2016-02-11,1.9940
2016-02-12,1.9660
2016-02-16,1.9030
2016-02-17,1.9420
2016-02-18,1.8520
2016-02-19,1.8040
2016-02-22,1.8210
2016-02-23,1.7820
2016-02-24,1.7780
2016-02-25,1.7110
2016-02-26,1.7910
2016-02-29,1.7110
2016-03-01,1.7420
2016-03-02,1.6780
2016-03-03,1.6390
2016-03-04,1.6660
2016-03-07,1.6900
2016-03-08,1.7120
2016-03-09,1.7520
2016-03-10,1.7880
2016-03-11,1.8220
2016-03-14,1.8190
2016-03-15,1.8510
2016-03-16,1.8680
2016-03-17,1.9360
2016-03-18,1.9070
2016-03-21,1.8280
2016-03-22,1.8630
2016-03-23,1.7940
2016-03-24,1.8060
2016-03-28,1.8480
2016-03-29,1.9030
2016-03-30,1.9960
2016-03-31,1.9590
2016-04-01,1.9560
2016-04-04,1.9980
2016-04-05,1.9540
2016-04-06,1.9110
2016-04-07,2.0180
2016-04-08,1.9900
2016-04-11,1.9120
2016-04-12,2.0040
2016-04-13,2.0360
2016-04-14,1.9700
2016-04-15,1.9020
2016-04-18,1.9400
2016-04-19,2.0880
2016-04-20,2.0690
2016-04-21,2.0680
2016-04-22,2.1400
2016-04-25,2.0630
2016-04-26,2.0320
2016-04-27,1.9950
2016-04-28,2.0780
2016-04-29,2.1780
2016-05-02,2.0420
2016-05-03,2.0860
2016-05-04,2.1410
2016-05-05,2.0760
2016-05-06,2.1010
2016-05-09,2.0980
2016-05-10,2.1580
2016-05-11,2.1730
2016-05-12,2.1550
2016-05-13,2.0960
2016-05-16,2.0290
2016-05-17,2.0480
2016-05-18,2.0010
2016-05-19,2.0390
2016-05-20,2.0620
2016-05-23,2.0550
2016-05-24,1.9800
2016-05-25,1.9920
2016-05-26,1.9630
2016-05-27,2.1690
2016-05-31,2.2880
2016-06-01,2.3810
2016-06-02,2.4050
2016-06-03,2.3980
2016-06-06,2.4660
2016-06-07,2.4740
2016-06-08,2.4680
2016-06-09,2.6170
2016-06-10,2.5560
2016-06-13,2.5850
2016-06-14,2.6040
2016-06-15,2.5950
2016-06-16,2.5800
2016-06-17,2.6230
2016-06-20,2.7470
2016-06-21,2.7680
2016-06-22,2.6770
2016-06-23,2.6980
2016-06-24,2.6620
2016-06-27,2.7160
2016-06-28,2.9170
2016-06-29,2.8630
2016-06-30,2.9240
2016-07-01,2.9870
2016-07-05,2.7640
2016-07-06,2.7860
2016-07-07,2.7770
2016-07-08,2.8010
2016-07-11,2.7020
2016-07-12,2.7340
2016-07-13,2.7370
2016-07-14,2.7270
2016-07-15,2.7560
2016-07-18,2.7220
2016-07-19,2.7280
2016-07-20,2.6580
2016-07-21,2.6920
2016-07-22,2.7770
2016-07-25,2.7470
2016-07-26,2.7120
2016-07-27,2.6720
2016-07-28,2.8730
2016-07-29,2.8760
2016-08-01,2.7710
2016-08-02,2.7330
2016-08-03,2.8390
2016-08-04,2.8340
2016-08-05,2.7720
2016-08-08,2.7480
2016-08-09,2.6150
2016-08-10,2.5610
2016-08-11,2.5510
2016-08-12,2.5860
2016-08-15,2.5900
2016-08-16,2.6170
2016-08-17,2.6190
2016-08-18,2.6740
2016-08-19,2.5840
2016-08-22,2.6790
2016-08-23,2.7610
2016-08-24,2.7960
2016-08-25,2.8460
2016-08-26,2.8710
2016-08-29,2.8530
2016-08-30,2.8270
2016-08-31,2.8870
2016-09-01,2.7920
2016-09-02,2.7920
2016-09-06,2.7170
2016-09-07,2.6760
2016-09-08,2.8060
2016-09-09,2.7970
2016-09-12,2.9150
2016-09-13,2.9090
2016-09-14,2.8890
2016-09-15,2.9270
2016-09-16,2.9480
2016-09-19,2.9340
2016-09-20,3.0470
2016-09-21,3.0570
2016-09-22,2.9900
2016-09-23,2.9550
2016-09-26,2.9970
2016-09-27,2.9960
2016-09-28,2.9520
2016-09-29,2.9590
2016-09-30,2.9060
2016-10-03,2.9230
2016-10-04,2.9640
2016-10-05,3.0410
2016-10-06,3.0490
2016-10-07,3.1930
2016-10-11,3.2370
2016-10-12,3.2100
2016-10-13,3.3410
2016-10-14,3.2850
2016-10-17,3.2440
2016-10-18,3.2630
2016-10-19,3.1700
2016-10-20,3.1410
2016-10-21,2.9930
2016-10-24,2.8310
2016-10-25,2.7740
2016-10-26,2.7310
2016-10-27,2.7640
2016-10-28,3.1050
2016-10-31,3.0260
2016-11-01,2.9020
2016-11-02,2.7920
2016-11-03,2.7690
2016-11-04,2.7670
2016-11-07,2.8160
2016-11-08,2.6330
2016-11-09,2.6900
2016-11-10,2.6320
2016-11-14,2.7490
2016-11-15,2.7090
2016-11-16,2.7640
2016-11-17,2.7030
2016-11-18,2.8430
2016-11-21,2.9500
2016-11-22,2.9820
2016-11-23,3.0260
2016-11-25,3.0850
2016-11-28,3.2320
2016-11-29,3.3150
2016-11-30,3.3520
2016-12-01,3.5050
2016-12-02,3.4360
2016-12-05,3.6540
2016-12-06,3.6350
2016-12-07,3.6030
2016-12-08,3.6950
2016-12-09,3.7460
2016-12-12,3.5070
2016-12-13,3.4740
2016-12-14,3.5400
2016-12-15,3.4340
2016-12-16,3.4150
2016-12-19,3.3920
2016-12-20,3.2630
2016-12-21,3.5420
2016-12-22,3.5380
2016-12-23,3.6620
2016-12-27,3.7610
2016-12-28,3.9300
2016-12-29,3.8020
2016-12-30,3.7240
2017-01-03,3.3270
2017-01-04,3.2670
2017-01-05,3.2730
2017-01-06,3.2850
2017-01-09,3.1030
2017-01-10,3.2780
2017-01-11,3.2240
2017-01-12,3.3860
2017-01-13,3.4190
2017-01-17,3.4120
2017-01-18,3.3020
2017-01-19,3.3680
2017-01-20,3.2040
2017-01-23,3.2430
2017-01-24,3.2790
2017-01-25,3.3320
2017-01-26,3.3820
2017-01-27,3.3910
2017-01-30,3.2320
2017-01-31,3.1170
2017-02-01,3.1680
2017-02-02,3.1870
2017-02-03,3.0630
2017-02-06,3.0500
2017-02-07,3.1300
2017-02-08,3.1260
2017-02-09,3.1410
2017-02-10,3.0340
2017-02-13,2.9440
2017-02-14,2.9050
2017-02-15,2.9250
2017-02-16,2.8540
2017-02-17,2.8340
2017-02-21,2.5640
2017-02-22,2.5920
2017-02-23,2.6170
2017-02-24,2.6270
2017-02-27,2.6930
2017-02-28,2.7740
2017-03-01,2.7990
2017-03-02,2.8040
2017-03-03,2.8270
2017-03-06,2.9010
2017-03-07,2.8240
2017-03-08,2.9010
2017-03-09,2.9740
2017-03-10,3.0080
2017-03-13,3.0430
2017-03-14,2.9380
2017-03-15,2.9810
2017-03-16,2.9020
2017-03-17,2.9480
2017-03-20,3.0410
2017-03-21,3.0930
2017-03-22,3.0110
2017-03-23,3.0510
2017-03-24,3.0760
2017-03-27,3.0520
2017-03-28,3.0960
2017-03-29,3.1750
2017-03-30,3.1910
2017-03-31,3.1900
2017-04-03,3.1280
2017-04-04,3.2930
2017-04-05,3.2660
2017-04-06,3.3310
2017-04-07,3.2610
2017-04-10,3.2380
2017-04-11,3.1500
2017-04-12,3.1870
2017-04-13,3.2270
2017-04-17,3.1630
2017-04-18,3.1450
2017-04-19,3.1850
2017-04-20,3.1590
2017-04-21,3.1010
2017-04-24,3.0660
2017-04-25,3.0430
2017-04-26,3.1420
2017-04-27,3.2390
2017-04-28,3.2760
2017-05-01,3.2150
2017-05-02,3.1950
2017-05-03,3.2280
2017-05-04,3.1860
2017-05-05,3.2660
2017-05-08,3.1720
2017-05-09,3.2270
2017-05-10,3.2920
2017-05-11,3.3760
2017-05-12,3.4240
2017-05-15,3.3490
2017-05-16,3.2300
2017-05-17,3.1920
2017-05-18,3.1820
2017-05-19,3.2560
2017-05-22,3.3300
2017-05-23,3.2190
2017-05-24,3.2090
2017-05-25,3.1840
2017-05-26,3.2360
2017-05-30,3.1450
2017-05-31,3.0710
2017-06-01,3.0080
2017-06-02,2.9990
2017-06-05,2.9820
2017-06-06,3.0420
2017-06-07,3.0200
2017-06-08,3.0280
2017-06-09,3.0390
2017-06-12,3.0240
2017-06-13,2.9660
2017-06-14,2.9330
2017-06-15,3.0560
2017-06-16,3.0370
2017-06-19,2.8940
2017-06-20,2.9070
2017-06-21,2.8930
2017-06-22,2.8940
2017-06-23,2.9290
2017-06-26,3.0270
2017-06-27,3.0370
2017-06-28,3.0670
2017-06-29,3.0420
2017-06-30,3.0350
2017-07-03,2.9510
2017-07-05,2.8400
2017-07-06,2.8880
2017-07-07,2.8640
2017-07-10,2.9290
2017-07-11,3.0470
2017-07-12,2.9850
2017-07-13,2.9610
2017-07-14,2.9800
2017-07-17,3.0200
2017-07-18,3.0880
2017-07-19,3.0660
2017-07-20,3.0430
2017-07-21,2.9700
2017-07-24,2.8990
2017-07-25,2.9440
2017-07-26,2.9240
2017-07-27,2.9690
2017-07-28,2.9410
2017-07-31,2.7940
2017-08-01,2.8190
2017-08-02,2.8110
2017-08-03,2.8000
2017-08-04,2.7740
2017-08-07,2.8010
2017-08-08,2.8220
2017-08-09,2.8830
2017-08-10,2.9850
2017-08-11,2.9830
2017-08-14,2.9590
2017-08-15,2.9350
2017-08-16,2.8900
2017-08-17,2.9290
2017-08-18,2.8930
2017-08-21,2.9620
2017-08-22,2.9390
2017-08-23,2.9280
2017-08-24,2.9490
2017-08-25,2.8920
2017-08-28,2.9250
2017-08-29,2.9610
2017-08-30,2.9390
2017-08-31,3.0400
2017-09-01,3.0700
2017-09-05,2.9720
2017-09-06,3.0000
2017-09-07,2.9810
2017-09-08,2.8900
2017-09-11,2.9500
2017-09-12,3.0010
2017-09-13,3.0580
2017-09-14,3.0700
2017-09-15,3.0240
2017-09-18,3.1460
2017-09-19,3.1220
2017-09-20,3.0940
2017-09-21,2.9460
2017-09-22,2.9590
2017-09-25,2.9190
2017-09-26,2.9180
2017-09-27,2.9740
2017-09-28,3.0170
2017-09-29,3.0070
2017-10-02,2.9160
2017-10-03,2.8950
2017-10-04,2.9400
2017-10-05,2.9230
2017-10-06,2.8630
2017-10-09,2.8330
2017-10-10,2.8910
2017-10-11,2.8890
2017-10-12,2.9890
2017-10-13,3.0000
2017-10-16,2.9460
2017-10-17,2.9620
2017-10-18,2.8540
2017-10-19,2.8730
2017-10-20,2.9150
2017-10-23,2.9910
2017-10-24,2.9740
2017-10-25,2.9190
2017-10-26,2.8900
2017-10-27,2.7520
2017-10-30,2.9660
2017-10-31,2.8960
2017-11-01,2.8930
2017-11-02,2.9350
2017-11-03,2.9840
2017-11-06,3.1340
2017-11-07,3.1520
2017-11-08,3.1750
2017-11-09,3.2000
2017-11-10,3.2130
2017-11-13,3.1670
2017-11-14,3.1020
2017-11-15,3.0800
2017-11-16,3.0530
2017-11-17,3.0970
2017-11-20,3.0470
2017-11-21,3.0170
2017-11-22,2.9680
2017-11-24,2.8130
2017-11-27,2.9280
2017-11-28,3.0740
2017-11-29,3.1790
2017-11-30,3.0250
2017-12-01,3.0610
2017-12-04,2.9850
2017-12-05,2.9140
2017-12-06,2.9220
2017-12-07,2.7630
2017-12-08,2.7720
2017-12-11,2.8280
2017-12-12,2.6780
2017-12-13,2.7150
2017-12-14,2.6840
2017-12-15,2.6120
2017-12-18,2.7450
2017-12-19,2.6920
2017-12-20,2.6370
2017-12-21,2.5980
2017-12-22,2.6670
2017-12-26,2.6430
2017-12-27,2.7380
2017-12-28,2.9140
2017-12-29,2.9530
2018-01-02,3.0560
2018-01-03,3.0080
2018-01-04,2.8800
2018-01-05,2.7950
2018-01-08,2.8350
2018-01-09,2.9230
2018-01-10,2.9060
2018-01-11,3.0840
2018-01-12,3.2000
2018-01-16,3.1290
2018-01-17,3.2320
2018-01-18,3.1890
2018-01-19,3.1850
2018-01-22,3.2240
2018-01-23,3.4440
2018-01-24,3.5090
2018-01-25,3.4470
2018-01-26,3.5050
2018-01-29,3.6310
2018-01-30,3.1950
2018-01-31,2.9950
2018-02-01,2.8560
2018-02-02,2.8460
2018-02-05,2.7470
2018-02-06,2.7590
2018-02-07,2.7020
2018-02-08,2.6970
2018-02-09,2.5840
2018-02-12,2.5520
2018-02-13,2.5940
2018-02-14,2.5870
2018-02-15,2.5800
2018-02-16,2.5580
2018-02-20,2.6160
2018-02-21,2.6590
2018-02-22,2.6340
2018-02-23,2.6250
2018-02-26,2.6390
2018-02-27,2.6830
2018-02-28,2.6670
2018-03-01,2.6980
2018-03-02,2.6950
2018-03-05,2.7040
2018-03-06,2.7490
2018-03-07,2.7770
2018-03-08,2.7560
2018-03-09,2.7320
2018-03-12,2.7780
2018-03-13,2.7860
2018-03-14,2.7310
2018-03-15,2.6810
2018-03-16,2.6880
2018-03-19,2.6510
2018-03-20,2.6750
2018-03-21,2.6380
2018-03-22,2.6170
2018-03-23,2.5910
2018-03-26,2.6180
2018-03-27,2.6910
2018-03-28,2.6980
2018-03-29,2.7330
2018-04-02,2.6830
2018-04-03,2.6970
2018-04-04,2.7180
2018-04-05,2.6750
2018-04-06,2.7010
2018-04-09,2.6930
2018-04-10,2.6560
2018-04-11,2.6750
2018-04-12,2.6860
2018-04-13,2.7350
2018-04-16,2.7520
2018-04-17,2.7380
2018-04-18,2.7390
2018-04-19,2.6600
2018-04-20,2.7390
2018-04-23,2.7400
2018-04-24,2.7810
2018-04-25,2.7860
2018-04-26,2.8210
2018-04-27,2.7710
2018-04-30,2.7630
2018-05-01,2.8020
2018-05-02,2.7540
2018-05-03,2.7260
2018-05-04,2.7110
2018-05-07,2.7410
2018-05-08,2.7320
2018-05-09,2.7370
2018-05-10,2.8140
2018-05-11,2.8060
2018-05-14,2.8420
2018-05-15,2.8360
2018-05-16,2.8150
2018-05-17,2.8590
2018-05-18,2.8470
2018-05-21,2.8100
2018-05-22,2.9080
2018-05-23,2.9140
2018-05-24,2.9400
2018-05-25,2.9390
2018-05-29,2.8750
2018-05-30,2.8850
2018-05-31,2.9520
2018-06-01,2.9620
2018-06-04,2.9300
2018-06-05,2.8900
2018-06-06,2.8960
2018-06-07,2.9300
2018-06-08,2.8900
2018-06-11,2.9490
2018-06-12,2.9390
2018-06-13,2.9630
2018-06-14,2.9650
2018-06-15,3.0220
2018-06-18,2.9510
2018-06-19,2.9000
2018-06-20,2.9640
2018-06-21,2.9750
2018-06-22,2.9450
2018-06-25,2.9230
2018-06-26,2.9390
2018-06-27,2.9960
2018-06-28,2.9400
2018-06-29,2.9240
2018-07-02,2.8620
2018-07-03,2.8700
2018-07-05,2.8370
2018-07-06,2.8580
2018-07-09,2.8280
2018-07-10,2.7880
2018-07-11,2.8290
2018-07-12,2.7970
2018-07-13,2.7520
2018-07-16,2.7590
2018-07-17,2.7400
2018-07-18,2.7210
2018-07-19,2.7690
2018-07-20,2.7570
2018-07-23,2.7210
2018-07-24,2.7320
2018-07-25,2.7750
2018-07-26,2.7800
2018-07-27,2.8220
2018-07-30,2.7970
2018-07-31,2.7820
2018-08-01,2.7580
2018-08-02,2.8160
2018-08-03,2.8530
2018-08-06,2.8600
2018-08-07,2.8970
2018-08-08,2.9490
2018-08-09,2.9550
2018-08-10,2.9440
2018-08-13,2.9300
2018-08-14,2.9590
2018-08-15,2.9400
2018-08-16,2.9080
2018-08-17,2.9460
2018-08-20,2.9410
2018-08-21,2.9800
2018-08-22,2.9560
2018-08-23,2.9640
2018-08-24,2.9170
2018-08-27,2.8760
2018-08-28,2.8520
2018-08-29,2.8950
2018-08-30,2.8740
2018-08-31,2.9160
2018-09-04,2.8230
2018-09-05,2.7950
2018-09-06,2.7720
2018-09-07,2.7760
2018-09-10,2.8040
2018-09-11,2.8280
2018-09-12,2.8290
2018-09-13,2.8170
2018-09-14,2.7670
2018-09-17,2.8140
2018-09-18,2.9330
2018-09-19,2.9080
2018-09-20,2.9760
2018-09-21,2.9770
2018-09-24,3.0380
2018-09-25,3.0820
2018-09-26,3.0210
2018-09-27,3.0560
2018-09-28,3.0080
2018-10-01,3.0940
2018-10-02,3.1660
2018-10-03,3.2300
2018-10-04,3.1650
2018-10-05,3.1430
2018-10-08,3.2670
2018-10-09,3.2660
2018-10-10,3.2840
2018-10-11,3.2220
2018-10-12,3.1610
2018-10-15,3.2420
2018-10-16,3.2390
2018-10-17,3.3200
2018-10-18,3.1980
2018-10-19,3.2500
2018-10-22,3.1380
2018-10-23,3.2120
2018-10-24,3.1660
2018-10-25,3.2020
2018-10-26,3.1850
2018-10-29,3.1850
2018-10-30,3.1870
2018-10-31,3.2610
2018-11-01,3.2370
2018-11-02,3.2840
2018-11-05,3.5670
2018-11-06,3.5550
2018-11-07,3.5550
2018-11-08,3.5430
2018-11-09,3.7190
2018-11-12,3.7880
2018-11-13,4.1010
2018-11-14,4.8370
2018-11-15,4.0380
2018-11-16,4.2720
2018-11-19,4.7000
2018-11-20,4.5230
2018-11-21,4.4510
2018-11-23,4.3080
2018-11-26,4.2480
2018-11-27,4.2620
2018-11-28,4.7150
2018-11-29,4.6460
2018-11-30,4.6120
2018-12-03,4.3390
2018-12-04,4.4570
2018-12-06,4.3270
2018-12-07,4.4880
2018-12-10,4.5450
2018-12-11,4.4070
2018-12-12,4.1360
2018-12-13,4.1240
2018-12-14,3.8270
2018-12-17,3.5280
2018-12-18,3.8380
2018-12-19,3.7260
2018-12-20,3.5830
2018-12-21,3.8160
2018-12-24,3.4670
2018-12-26,3.5430
2018-12-27,3.6420
2018-12-28,3.3030
2018-12-31,2.9400
2019-01-02,2.9580
2019-01-03,2.9450
2019-01-04,3.0440
2019-01-07,2.9440
2019-01-08,2.9670
2019-01-09,2.9840
2019-01-10,2.9690
2019-01-11,3.0990
2019-01-14,3.5910
2019-01-15,3.5010
2019-01-16,3.3840
2019-01-17,3.4130
2019-01-18,3.4820
2019-01-22,3.0400
2019-01-23,2.9800
2019-01-24,3.0990
2019-01-25,3.1780
2019-01-28,2.9110
2019-01-29,2.9500
2019-01-30,2.8540
2019-01-31,2.8140
2019-02-01,2.7340
2019-02-04,2.6600
2019-02-05,2.6620
2019-02-06,2.6620
2019-02-07,2.5510
2019-02-08,2.5830
2019-02-11,2.6420
2019-02-12,2.6880
2019-02-13,2.5750
2019-02-14,2.5730
2019-02-15,2.6250
2019-02-19,2.6620
2019-02-20,2.6360
2019-02-21,2.6970
2019-02-22,2.7170
2019-02-25,2.8360
2019-02-26,2.8550
2019-02-27,2.7990
2019-02-28,2.8120
2019-03-01,2.8590
2019-03-04,2.8570
2019-03-05,2.8840
2019-03-06,2.8410
2019-03-07,2.8660
2019-03-08,2.8650
2019-03-11,2.7720
2019-03-12,2.7840
2019-03-13,2.8200
2019-03-14,2.8550
2019-03-15,2.7950
2019-03-18,2.8500
2019-03-19,2.8740
2019-03-20,2.8200
2019-03-21,2.8210
2019-03-22,2.7530
2019-03-25,2.7550
2019-03-26,2.7400
2019-03-27,2.7130
2019-03-28,2.7120
2019-03-29,2.6620
2019-04-01,2.7080
2019-04-02,2.6840
2019-04-03,2.6770
2019-04-04,2.6430
2019-04-05,2.6640
2019-04-08,2.7080
2019-04-09,2.6990
2019-04-10,2.7000
2019-04-11,2.6640
2019-04-12,2.6600
2019-04-15,2.5900
2019-04-16,2.5720
2019-04-17,2.5170
2019-04-18,2.4900
2019-04-22,2.5240
2019-04-23,2.4550
2019-04-24,2.4620
2019-04-25,2.5140
2019-04-26,2.5660
2019-04-29,2.5930
2019-04-30,2.5750
2019-05-01,2.6200
2019-05-02,2.5890
2019-05-03,2.5670
2019-05-06,2.5240
2019-05-07,2.5370
2019-05-08,2.6100
2019-05-09,2.5950
2019-05-10,2.6190
2019-05-13,2.6210
2019-05-14,2.6590
2019-05-15,2.6010
2019-05-16,2.6390
2019-05-17,2.6310
2019-05-20,2.6730
2019-05-21,2.6130
2019-05-22,2.5430
2019-05-23,2.5780
2019-05-24,2.5980
2019-05-28,2.5820
2019-05-29,2.6330
2019-05-30,2.5470
2019-05-31,2.4540
2019-06-03,2.4030
2019-06-04,2.4160
2019-06-05,2.3780
2019-06-06,2.3240
2019-06-07,2.3370
2019-06-10,2.3570
2019-06-11,2.3990
2019-06-12,2.3860
2019-06-13,2.3250
2019-06-14,2.3870
2019-06-17,2.3860
2019-06-18,2.3280
2019-06-19,2.2760
2019-06-20,2.1850
2019-06-21,2.1860
2019-06-24,2.3030
2019-06-25,2.3080
2019-06-26,2.2910
2019-06-27,2.3240
2019-06-28,2.3080
2019-07-01,2.2670
2019-07-02,2.2400
2019-07-03,2.2900
2019-07-05,2.4180
2019-07-08,2.4030
2019-07-09,2.4250
2019-07-10,2.4440
2019-07-11,2.4160
2019-07-12,2.4530
2019-07-15,2.4080
2019-07-16,2.3060
2019-07-17,2.3040
2019-07-18,2.2870
2019-07-19,2.2510
2019-07-22,2.3120
2019-07-23,2.3000
2019-07-24,2.2200
2019-07-25,2.2440
2019-07-26,2.1690
2019-07-29,2.1410
2019-07-30,2.1370
2019-07-31,2.2330
2019-08-01,2.2020
2019-08-02,2.1210
2019-08-05,2.0700
2019-08-06,2.1110
2019-08-07,2.0830
2019-08-08,2.1280
2019-08-09,2.1190
2019-08-12,2.1050
2019-08-13,2.1470
2019-08-14,2.1430
2019-08-15,2.2320
2019-08-16,2.2000
2019-08-19,2.2100
2019-08-20,2.2180
2019-08-21,2.1700
2019-08-22,2.1590
2019-08-23,2.1520
2019-08-26,2.2300
2019-08-27,2.2020
2019-08-28,2.2510
2019-08-29,2.2960
2019-08-30,2.2850
2019-09-03,2.3580
2019-09-04,2.4450
2019-09-05,2.4350
2019-09-06,2.4960
2019-09-09,2.5850
2019-09-10,2.5800
2019-09-11,2.5520
2019-09-12,2.5740
2019-09-13,2.6140
2019-09-16,2.6810
2019-09-17,2.6680
2019-09-18,2.6370
2019-09-19,2.5380
2019-09-20,2.5340
2019-09-23,2.5270
2019-09-24,2.5030
2019-09-25,2.5020
2019-09-26,2.4280
2019-09-27,2.4040
2019-09-30,2.3300
2019-10-01,2.2830
2019-10-02,2.2470
2019-10-03,2.3290
2019-10-04,2.3520
2019-10-07,2.3030
2019-10-08,2.2880
2019-10-09,2.2340
2019-10-10,2.2180
2019-10-11,2.2140
2019-10-14,2.2800
2019-10-15,2.3390
2019-10-16,2.3030
2019-10-17,2.3180
2019-10-18,2.3200
2019-10-21,2.2380
2019-10-22,2.2720
2019-10-23,2.2820
2019-10-24,2.3160
2019-10-25,2.3000
2019-10-28,2.4460
2019-10-29,2.5970
2019-10-30,2.6910
2019-10-31,2.6330
2019-11-01,2.7140
2019-11-04,2.8210
2019-11-05,2.8620
2019-11-06,2.8280
2019-11-07,2.7720
2019-11-08,2.7890
2019-11-11,2.6370
2019-11-12,2.6210
2019-11-13,2.6000
2019-11-14,2.6470
2019-11-15,2.6880
2019-11-18,2.5660
2019-11-19,2.5100
2019-11-20,2.5590
2019-11-21,2.5670
2019-11-22,2.6650
2019-11-25,2.5310
2019-11-26,2.4700
2019-11-27,2.5010
2019-11-29,2.2810
2019-12-02,2.3290
2019-12-03,2.4410
2019-12-04,2.3990
2019-12-05,2.4270
2019-12-06,2.3340
2019-12-09,2.2320
2019-12-10,2.2640
2019-12-11,2.2430
2019-12-12,2.3280
2019-12-13,2.2960
2019-12-16,2.3410
2019-12-17,2.3190
2019-12-18,2.2860
2019-12-19,2.2730
2019-12-20,2.3280
2019-12-23,2.2140
2019-12-24,2.1720
2019-12-26,2.2940
2019-12-27,2.1580
2019-12-30,2.1860
2019-12-31,2.1890
2020-01-02,2.1220
2020-01-03,2.1300
2020-01-06,2.1350
2020-01-07,2.1620
2020-01-08,2.1410
2020-01-09,2.1660
2020-01-10,2.2020
2020-01-13,2.1820
2020-01-14,2.1870
2020-01-15,2.1200
2020-01-16,2.0770
2020-01-17,2.0030
2020-01-21,1.8950
2020-01-22,1.9050
2020-01-23,1.9260
2020-01-24,1.8930
2020-01-27,1.9020
2020-01-28,1.9340
2020-01-29,1.8770
2020-01-30,1.8290
2020-01-31,1.8410
2020-02-03,1.8190
2020-02-04,1.8720
2020-02-05,1.8610
2020-02-06,1.8620
2020-02-07,1.8580
2020-02-10,1.7660
2020-02-11,1.7880
2020-02-12,1.8440
2020-02-13,1.8260
2020-02-14,1.8370
2020-02-18,1.9810
2020-02-19,1.9550
2020-02-20,1.9200
2020-02-21,1.9050
2020-02-24,1.8270
2020-02-25,1.8470
2020-02-26,1.8210
2020-02-27,1.7520
2020-02-28,1.6840
2020-03-02,1.7560
2020-03-03,1.8000
2020-03-04,1.8270
2020-03-05,1.7720
2020-03-06,1.7080
2020-03-09,1.7780
2020-03-10,1.9360
2020-03-11,1.8780
2020-03-12,1.8410
2020-03-13,1.8690
2020-03-16,1.8150
2020-03-17,1.7290
2020-03-18,1.6040
2020-03-19,1.6540
2020-03-20,1.6040
2020-03-23,1.6020
2020-03-24,1.6530
2020-03-25,1.6590
2020-03-26,1.6370
2020-03-27,1.6340
2020-03-30,1.6900
2020-03-31,1.6400
2020-04-01,1.5870
2020-04-02,1.5520
2020-04-03,1.6210
2020-04-06,1.7310
2020-04-07,1.8520
2020-04-08,1.7830
2020-04-09,1.7330
2020-04-13,1.7240
2020-04-14,1.6500
2020-04-15,1.5980
2020-04-16,1.6860
2020-04-17,1.7530
2020-04-20,1.9240
2020-04-21,1.8210
2020-04-22,1.9390
2020-04-23,1.8150
2020-04-24,1.7460
2020-04-27,1.8190
2020-04-28,1.7940
2020-04-29,1.8690
2020-04-30,1.9490
2020-05-01,1.8900
2020-05-04,1.9930
2020-05-05,2.1340
2020-05-06,1.9440
2020-05-07,1.8940
2020-05-08,1.8230
2020-05-11,1.8260
2020-05-12,1.7200
2020-05-13,1.6160
2020-05-14,1.6810
2020-05-15,1.6460
2020-05-18,1.7830
2020-05-19,1.8300
2020-05-20,1.7710
2020-05-21,1.7100
2020-05-22,1.7310
2020-05-26,1.7930
2020-05-27,1.7220
2020-05-28,1.8270
2020-05-29,1.8490
2020-06-01,1.7740
2020-06-02,1.7770
2020-06-03,1.8210
2020-06-04,1.8220
2020-06-05,1.7820
2020-06-08,1.7890
2020-06-09,1.7670
2020-06-10,1.7800
2020-06-11,1.8130
2020-06-12,1.7310
2020-06-15,1.6690
2020-06-16,1.6140
2020-06-17,1.6380
2020-06-18,1.6380
2020-06-19,1.6690
2020-06-22,1.6640
2020-06-23,1.6370
2020-06-24,1.5970
2020-06-25,1.4820
2020-06-26,1.4950
2020-06-29,1.7090
2020-06-30,1.7510
2020-07-01,1.6710
2020-07-02,1.7340
2020-07-06,1.8300
2020-07-07,1.8760
2020-07-08,1.8240
2020-07-09,1.7790
2020-07-10,1.8050
2020-07-13,1.7390
2020-07-14,1.7460
2020-07-15,1.7780
2020-07-16,1.7230
2020-07-17,1.7180
2020-07-20,1.6410
2020-07-21,1.6750
2020-07-22,1.6810
2020-07-23,1.7850
2020-07-24,1.8080
2020-07-27,1.7340
2020-07-28,1.8000
2020-07-29,1.8540
2020-07-30,1.8290
2020-07-31,1.7990
2020-08-03,2.1010
2020-08-04,2.1930
2020-08-05,2.1910
2020-08-06,2.1650
2020-08-07,2.2380
2020-08-10,2.1530
2020-08-11,2.1710
2020-08-12,2.1520
2020-08-13,2.1820
2020-08-14,2.3560
2020-08-17,2.3390
2020-08-18,2.4170
2020-08-19,2.4260
2020-08-20,2.3520
2020-08-21,2.4480
2020-08-24,2.5130
2020-08-25,2.4890
2020-08-26,2.4610
2020-08-27,2.5790
2020-08-28,2.6570
2020-08-31,2.6300
2020-09-01,2.5270
2020-09-02,2.4860
2020-09-03,2.4870
2020-09-04,2.5880
2020-09-08,2.4000
2020-09-09,2.4060
2020-09-10,2.3230
2020-09-11,2.2690
2020-09-14,2.3100
2020-09-15,2.3620
2020-09-16,2.2670
2020-09-17,2.0420
2020-09-18,2.0480
2020-09-21,1.8350
2020-09-22,1.8340
2020-09-23,2.1250
2020-09-24,2.2480
2020-09-25,2.1390
2020-09-28,2.1010
2020-09-29,2.5610
2020-09-30,2.5270
2020-10-01,2.5270
2020-10-02,2.4380
2020-10-05,2.6150
2020-10-06,2.5200
2020-10-07,2.6060
2020-10-08,2.6270
2020-10-09,2.7410
2020-10-12,2.8810
2020-10-13,2.8550
2020-10-14,2.6360
2020-10-15,2.7750
2020-10-16,2.7730
2020-10-19,2.7950
2020-10-20,2.9130
2020-10-21,3.0230
2020-10-22,3.0070
2020-10-23,2.9710
2020-10-26,3.0240
2020-10-27,3.0190
2020-10-28,2.9960
2020-10-29,3.3010
2020-10-30,3.3540
2020-11-02,3.2440
2020-11-03,3.0590
2020-11-04,3.0460
2020-11-05,2.9420
2020-11-06,2.8880
2020-11-09,2.8590
2020-11-10,2.9490
2020-11-11,3.0310
2020-11-12,2.9760
2020-11-13,2.9950
2020-11-16,2.6970
2020-11-17,2.6920
2020-11-18,2.7120
2020-11-19,2.5920
2020-11-20,2.6500
2020-11-23,2.7110
2020-11-24,2.7750
2020-11-25,2.8960
2020-11-27,2.8430
2020-11-30,2.8820
2020-12-01,2.8800
2020-12-02,2.7800
2020-12-03,2.5070
2020-12-04,2.5750
2020-12-07,2.4060
2020-12-08,2.3990
2020-12-09,2.4420
2020-12-10,2.5530
2020-12-11,2.5910
2020-12-14,2.6820
2020-12-15,2.6820
2020-12-16,2.6770
2020-12-17,2.6360
2020-12-18,2.7000
2020-12-21,2.7050
2020-12-22,2.7800
2020-12-23,2.6080
2020-12-24,2.5180
2020-12-28,2.3050
2020-12-29,2.4670
2020-12-30,2.4220
2020-12-31,2.5390
2021-01-04,2.5810
2021-01-05,2.7020
2021-01-06,2.7160
2021-01-07,2.7290
2021-01-08,2.7000
2021-01-11,2.7470
2021-01-12,2.7530
2021-01-13,2.7270
2021-01-14,2.6660
2021-01-15,2.7370
2021-01-19,2.5460
2021-01-20,2.5390
2021-01-21,2.4910
2021-01-22,2.4460
2021-01-25,2.6020
2021-01-26,2.6560
2021-01-27,2.7600
2021-01-28,2.6640
2021-01-29,2.5640
2021-02-01,2.8500
2021-02-02,2.8450
2021-02-03,2.7890
2021-02-04,2.9350
2021-02-05,2.8630
2021-02-08,2.8820
2021-02-09,2.8350
2021-02-10,2.9110
2021-02-11,2.8680
2021-02-12,2.9120
2021-02-16,3.1290
2021-02-17,3.2190
2021-02-18,3.0820
2021-02-19,3.0690
2021-02-22,2.9530
2021-02-23,2.8790
2021-02-24,2.8540
2021-02-25,2.7770
2021-02-26,2.7710
2021-03-01,2.7770
2021-03-02,2.8390
2021-03-03,2.8160
2021-03-04,2.7460
2021-03-05,2.7010
2021-03-08,2.6640
2021-03-09,2.6620
2021-03-10,2.6920
2021-03-11,2.6680
2021-03-12,2.6000
2021-03-15,2.4840
2021-03-16,2.5620
2021-03-17,2.5280
2021-03-18,2.4810
2021-03-19,2.5350
2021-03-22,2.5820
2021-03-23,2.5080
2021-03-24,2.5180
2021-03-25,2.5700
2021-03-26,2.5570
2021-03-29,2.5860
2021-03-30,2.6230
2021-03-31,2.6080
2021-04-01,2.6390
2021-04-05,2.5110
2021-04-06,2.4560
2021-04-07,2.5200
2021-04-08,2.5220
2021-04-09,2.5260
2021-04-12,2.5610
2021-04-13,2.6190
2021-04-14,2.6180
2021-04-15,2.6580
2021-04-16,2.6800
2021-04-19,2.7490
2021-04-20,2.7270
2021-04-21,2.6920
2021-04-22,2.7490
2021-04-23,2.7300
2021-04-26,2.7900
2021-04-27,2.8730
2021-04-28,2.9250
2021-04-29,2.9110
2021-04-30,2.9310
2021-05-03,2.9660
2021-05-04,2.9670
2021-05-05,2.9380
2021-05-06,2.9280
2021-05-07,2.9580
2021-05-10,2.9320
2021-05-11,2.9550
2021-05-12,2.9690
2021-05-13,2.9730
2021-05-14,2.9610
2021-05-17,3.1090
2021-05-18,3.0120
2021-05-19,2.9640
2021-05-20,2.9250
2021-05-21,2.9060
2021-05-24,2.8860
2021-05-25,2.9130
2021-05-26,2.9840
2021-05-27,2.9580
2021-05-28,2.9860
2021-06-01,3.1040
2021-06-02,3.0750
2021-06-03,3.0410
2021-06-04,3.0970
2021-06-07,3.0700
2021-06-08,3.1280
2021-06-09,3.1290
2021-06-10,3.1490
2021-06-11,3.2960
2021-06-14,3.3520
2021-06-15,3.2400
2021-06-16,3.2510
2021-06-17,3.2530
2021-06-18,3.2150
2021-06-21,3.1910
2021-06-22,3.2580
2021-06-23,3.3330
2021-06-24,3.4180
2021-06-25,3.4960
2021-06-28,3.6170
2021-06-29,3.6300
2021-06-30,3.6500
2021-07-01,3.6610
2021-07-02,3.7000
2021-07-06,3.6370
2021-07-07,3.5960
2021-07-08,3.6880
2021-07-09,3.6740
2021-07-12,3.7490
2021-07-13,3.6960
2021-07-14,3.6600
2021-07-15,3.6140
2021-07-16,3.6740
2021-07-19,3.7790
2021-07-20,3.8760
2021-07-21,3.9590
2021-07-22,4.0030
2021-07-23,4.0600
2021-07-26,4.1020
2021-07-27,3.9710
2021-07-28,4.0440
2021-07-29,4.0590
2021-07-30,3.9140
2021-08-02,3.9350
2021-08-03,4.0270
2021-08-04,4.1580
2021-08-05,4.1400
2021-08-06,4.1400
2021-08-09,4.0600
2021-08-10,4.0890
2021-08-11,4.0590
2021-08-12,3.9330
2021-08-13,3.8610
2021-08-16,3.9460
2021-08-17,3.8370
2021-08-18,3.8520
2021-08-19,3.8300
2021-08-20,3.8510
2021-08-23,3.9450
2021-08-24,3.8960
2021-08-25,3.8970
2021-08-26,4.1840
2021-08-27,4.3700
2021-08-30,4.3050
2021-08-31,4.3770
2021-09-01,4.6150
2021-09-02,4.6410
2021-09-03,4.7120
2021-09-07,4.5680
2021-09-08,4.9140
2021-09-09,5.0310
2021-09-10,4.9380
2021-09-13,5.2310
2021-09-14,5.2600
2021-09-15,5.4600
2021-09-16,5.3350
2021-09-17,5.1050
2021-09-20,4.9850
2021-09-21,4.8050
2021-09-22,4.8050
2021-09-23,4.9760
2021-09-24,5.1400
2021-09-27,5.7060
2021-09-28,5.8410
2021-09-29,5.4770
2021-09-30,5.8670
2021-10-01,5.6190
2021-10-04,5.7660
2021-10-05,6.3120
2021-10-06,5.6750
2021-10-07,5.6770
2021-10-08,5.5650
2021-10-11,5.3450
2021-10-12,5.5050
2021-10-13,5.5900
2021-10-14,5.6870
2021-10-15,5.4100
2021-10-18,4.9890
2021-10-19,5.0880
2021-10-20,5.1700
2021-10-21,5.1150
2021-10-22,5.2800
2021-10-25,5.8980
2021-10-26,5.8820
2021-10-27,6.2020
2021-10-28,5.7820
2021-10-29,5.4260
2021-11-01,5.1860
2021-11-02,5.5420
2021-11-03,5.6700
2021-11-04,5.7160
2021-11-05,5.5160
2021-11-08,5.4270
2021-11-09,4.9790
2021-11-10,4.8800
2021-11-11,5.1490
2021-11-12,4.7910
2021-11-15,5.0170
2021-11-16,5.1770
2021-11-17,4.8160
2021-11-18,4.9020
2021-11-19,5.0650
2021-11-22,4.7890
2021-11-23,4.9670
2021-11-24,5.0680
2021-11-26,5.4470
2021-11-29,4.8540
2021-11-30,4.5670
2021-12-01,4.2580
2021-12-02,4.0560
2021-12-03,4.1320
2021-12-06,3.6570
2021-12-07,3.7080
2021-12-08,3.8150
2021-12-09,3.8140
2021-12-10,3.9250
2021-12-13,3.7940
2021-12-14,3.7470
2021-12-15,3.8020
2021-12-16,3.7660
2021-12-17,3.6900
2021-12-20,3.8340
2021-12-21,3.8690
2021-12-22,3.9760
2021-12-23,3.7310
2021-12-27,4.0600
2021-12-28,4.0550
2021-12-29,4.0240
2021-12-30,3.5610
2021-12-31,3.7300
2022-01-03,3.8150
2022-01-04,3.7170
2022-01-05,3.8820
2022-01-06,3.8120
2022-01-07,3.9160
2022-01-10,4.0790
2022-01-11,4.2490
2022-01-12,4.8570
2022-01-13,4.2700
2022-01-14,4.2620
2022-01-18,4.2830
2022-01-19,4.0310
2022-01-20,3.8020
2022-01-21,3.9990
2022-01-24,4.0270
2022-01-25,4.0530
2022-01-26,4.2770
2022-01-27,6.2650
2022-01-28,4.6390
2022-01-31,4.8740
2022-02-01,4.7510
2022-02-02,5.5010
2022-02-03,4.8880
2022-02-04,4.5720
2022-02-07,4.2320
2022-02-08,4.2480
2022-02-09,4.0090
2022-02-10,3.9590
2022-02-11,3.9410
2022-02-14,4.1950
2022-02-15,4.3060
2022-02-16,4.7170
2022-02-17,4.4860
2022-02-18,4.4310
2022-02-22,4.4980
2022-02-23,4.6230
2022-02-24,4.5680
2022-02-25,4.4700
2022-02-28,4.4020
2022-03-01,4.5730
2022-03-02,4.7620
2022-03-03,4.7220
2022-03-04,5.0160
2022-03-07,4.8330
2022-03-08,4.5270
2022-03-09,4.5260
2022-03-10,4.6310
2022-03-11,4.7250
2022-03-14,4.6580
2022-03-15,4.5680
2022-03-16,4.7480
2022-03-17,4.9900
2022-03-18,4.8630
2022-03-21,4.9000
2022-03-22,5.1870
2022-03-23,5.2320
2022-03-24,5.4010
2022-03-25,5.5710
2022-03-28,5.5080
2022-03-29,5.3360
2022-03-30,5.6050
2022-03-31,5.6420
2022-04-01,5.7200
2022-04-04,5.7120
2022-04-05,6.0320
2022-04-06,6.0290
2022-04-07,6.3590
2022-04-08,6.2780
2022-04-11,6.6430
2022-04-12,6.6800
2022-04-13,6.9970
2022-04-14,7.3000
2022-04-18,7.8200
2022-04-19,7.1760
2022-04-20,6.9370
2022-04-21,6.9570
2022-04-22,6.5340
2022-04-25,6.6690
2022-04-26,6.8500
2022-04-27,7.2670
2022-04-28,6.8880
2022-04-29,7.2440
2022-05-02,7.4750
2022-05-03,7.9540
2022-05-04,8.4150
2022-05-05,8.7830
2022-05-06,8.0430
2022-05-09,7.0260
2022-05-10,7.3850
2022-05-11,7.6400
2022-05-12,7.7390
2022-05-13,7.6630
2022-05-16,7.9560
2022-05-17,8.3040
2022-05-18,8.3680
2022-05-19,8.3080
2022-05-20,8.0830
2022-05-23,8.7440
2022-05-24,8.7960
2022-05-25,8.9710
2022-05-26,8.9080
2022-05-27,8.7270
2022-05-31,8.1450
2022-06-01,8.6960
2022-06-02,8.4850
2022-06-03,8.5230
2022-06-06,9.3220
2022-06-07,9.2930
2022-06-08,8.6990
2022-06-09,8.9630
2022-06-10,8.8500
2022-06-13,8.6090
2022-06-14,7.1890
2022-06-15,7.4200
2022-06-16,7.4640
2022-06-17,6.9440
2022-06-21,6.8080
2022-06-22,6.8580
2022-06-23,6.2390
2022-06-24,6.2200
2022-06-27,6.5010
2022-06-28,6.5510
2022-06-29,6.4980
2022-06-30,5.4240
2022-07-01,5.7300
2022-07-05,5.5230
2022-07-06,5.5100
2022-07-07,6.2970
2022-07-08,6.0340
2022-07-11,6.4260
2022-07-12,6.1630
2022-07-13,6.6890
2022-07-14,6.6000
2022-07-15,7.0160
2022-07-18,7.4790
2022-07-19,7.2640
2022-07-20,8.0070
2022-07-21,7.9320
2022-07-22,8.2990
2022-07-25,8.7270
2022-07-26,8.9930
2022-07-27,8.6870
2022-07-28,8.1340
2022-07-29,8.2290
2022-08-01,8.2830
2022-08-02,7.7060
2022-08-03,8.2660
2022-08-04,8.1220
2022-08-05,8.0640
2022-08-08,7.5890
2022-08-09,7.8330
2022-08-10,8.2020
2022-08-11,8.8740
2022-08-12,8.7680
2022-08-15,8.7280
2022-08-16,9.3290
2022-08-17,9.2440
2022-08-18,9.1880
2022-08-19,9.3360
2022-08-22,9.6800
2022-08-23,9.1930
2022-08-24,9.3300
2022-08-25,9.3750
2022-08-26,9.2960
2022-08-29,9.3530
2022-08-30,9.0420
2022-08-31,9.1270
2022-09-01,9.2620
2022-09-02,8.7860
2022-09-06,8.1450
2022-09-07,7.8420
2022-09-08,7.9150
2022-09-09,7.9960
2022-09-12,8.2490
2022-09-13,8.2840
2022-09-14,9.1140
2022-09-15,8.3240
2022-09-16,7.7640
2022-09-19,7.7520
2022-09-20,7.7170
2022-09-21,7.7790
2022-09-22,7.0890
2022-09-23,6.8280
2022-09-26,6.9030
2022-09-27,6.6510
2022-09-28,6.8680
2022-09-29,6.8740
2022-09-30,6.7660
2022-10-03,6.4700
2022-10-04,6.8370
2022-10-05,6.9300
2022-10-06,6.9720
2022-10-07,6.7480
2022-10-10,6.4350
2022-10-11,6.5960
2022-10-12,6.4350
2022-10-13,6.7410
2022-10-14,6.4530
2022-10-17,5.9990
2022-10-18,5.7450
2022-10-19,5.4620
2022-10-20,5.3580
2022-10-21,4.9590
2022-10-24,5.1990
2022-10-25,5.6130
2022-10-26,5.6060
2022-10-27,5.1860
2022-10-28,5.6840
2022-10-31,6.3550
2022-11-01,5.7140
2022-11-02,6.2680
2022-11-03,5.9750
2022-11-04,6.4000
2022-11-07,6.9440
2022-11-08,6.1380
2022-11-09,5.8650
2022-11-10,6.2390
2022-11-11,5.8790
2022-11-14,5.9330
2022-11-15,6.0340
2022-11-16,6.2000
2022-11-17,6.3690
2022-11-18,6.3030
2022-11-21,6.7760
2022-11-22,6.7790
2022-11-23,7.3080
2022-11-25,7.0240
2022-11-28,6.7120
2022-11-29,7.2350
2022-11-30,6.9300
2022-12-01,6.7380
2022-12-02,6.2810
2022-12-05,5.5770
2022-12-06,5.4690
2022-12-07,5.7230
2022-12-08,5.9620
2022-12-09,6.2450
2022-12-12,6.5870
2022-12-13,6.9350
2022-12-14,6.4300
2022-12-15,6.9700
2022-12-16,6.6000
2022-12-19,5.8510
2022-12-20,5.3260
2022-12-21,5.3320
2022-12-22,4.9990
2022-12-23,5.0790
2022-12-27,5.2820
2022-12-28,4.7090
2022-12-29,4.5590
2022-12-30,4.4750
2023-01-03,3.9880
2023-01-04,4.1720
2023-01-05,3.7200
2023-01-06,3.7100
2023-01-09,3.9100
2023-01-10,3.6390
2023-01-11,3.6710
2023-01-12,3.6950
2023-01-13,3.4190
2023-01-17,3.5860
2023-01-18,3.3110
2023-01-19,3.2750
2023-01-20,3.1740
2023-01-23,3.4470
2023-01-24,3.2580
2023-01-25,3.0670
2023-01-26,2.9440
2023-01-27,3.1090
2023-01-30,2.6770
2023-01-31,2.6840
2023-02-01,2.4680
2023-02-02,2.4560
2023-02-03,2.4100
2023-02-06,2.4570
2023-02-07,2.5840
2023-02-08,2.3960
2023-02-09,2.4300
2023-02-10,2.5140
2023-02-13,2.4050
2023-02-14,2.5670
2023-02-15,2.4710
2023-02-16,2.3890
2023-02-17,2.2750
2023-02-21,2.0730
2023-02-22,2.1740
2023-02-23,2.3140
2023-02-24,2.4510
2023-02-27,2.7310
2023-02-28,2.7470
2023-03-01,2.8110
2023-03-02,2.7650
2023-03-03,3.0090
2023-03-06,2.5720
2023-03-07,2.6870
2023-03-08,2.5510
2023-03-09,2.5430
2023-03-10,2.4300
2023-03-13,2.6060
2023-03-14,2.5730
2023-03-15,2.4390
2023-03-16,2.5140
2023-03-17,2.3380
2023-03-20,2.2230
2023-03-21,2.3480
2023-03-22,2.1710
2023-03-23,2.1540
2023-03-24,2.2160
2023-03-27,2.0880
2023-03-28,2.0300
2023-03-29,1.9910
2023-03-30,2.1040
2023-03-31,2.2160
2023-04-03,2.0970
2023-04-04,2.1060
2023-04-05,2.1550
2023-04-06,2.0110
2023-04-10,2.1720
2023-04-11,2.1860
2023-04-12,2.0930
2023-04-13,2.0070
2023-04-14,2.1140
2023-04-17,2.2750
2023-04-18,2.3660
2023-04-19,2.2220
2023-04-20,2.2490
2023-04-21,2.2330
2023-04-24,2.2730
2023-04-25,2.3070
2023-04-26,2.1170
2023-04-27,2.3550
2023-04-28,2.4100
2023-05-01,2.3180
2023-05-02,2.2140
2023-05-03,2.1700
2023-05-04,2.1010
2023-05-05,2.1370
2023-05-08,2.2380
2023-05-09,2.2670
2023-05-10,2.1910
2023-05-11,2.1900
2023-05-12,2.2660
2023-05-15,2.3750
2023-05-16,2.3760
2023-05-17,2.3650
2023-05-18,2.5920
2023-05-19,2.5850
2023-05-22,2.4000
2023-05-23,2.3210
2023-05-24,2.3980
2023-05-25,2.3070
2023-05-26,2.1810
2023-05-30,2.3270
2023-05-31,2.2660
2023-06-01,2.1580
2023-06-02,2.1720
2023-06-05,2.2450
2023-06-06,2.2620
2023-06-07,2.3290
2023-06-08,2.3520
2023-06-09,2.2540
2023-06-12,2.2660
2023-06-13,2.3400
2023-06-14,2.3420
2023-06-15,2.5330
2023-06-16,2.6320
2023-06-20,2.4920
2023-06-21,2.5970
2023-06-22,2.6080
2023-06-23,2.7290
2023-06-26,2.7910
2023-06-27,2.7630
2023-06-28,2.6030
2023-06-29,2.7010
2023-06-30,2.7980
2023-07-03,2.7090
2023-07-05,2.6570
2023-07-06,2.6090
2023-07-07,2.5820
2023-07-10,2.6690
2023-07-11,2.7310
2023-07-12,2.6320
2023-07-13,2.5450
2023-07-14,2.5390
2023-07-17,2.5120
2023-07-18,2.6290
2023-07-19,2.6030
2023-07-20,2.7570
2023-07-21,2.7130
2023-07-24,2.6850
2023-07-25,2.7300
2023-07-26,2.6650
2023-07-27,2.4920
2023-07-28,2.6380
2023-07-31,2.6340
2023-08-01,2.5600
2023-08-02,2.4770
2023-08-03,2.5650
2023-08-04,2.5770
2023-08-07,2.7250
2023-08-08,2.7770
2023-08-09,2.9590
2023-08-10,2.7630
2023-08-11,2.7700
2023-08-14,2.7950
2023-08-15,2.6590
2023-08-16,2.5920
2023-08-17,2.6210
2023-08-18,2.5510
2023-08-21,2.6320
2023-08-22,2.5600
2023-08-23,2.4970
2023-08-24,2.5190
2023-08-25,2.5400
2023-08-28,2.5790
2023-08-29,2.5560
2023-08-30,2.7960
2023-08-31,2.7680
2023-09-01,2.7650
2023-09-05,2.5820
2023-09-06,2.5100
2023-09-07,2.5790
2023-09-08,2.6050
2023-09-11,2.6080
2023-09-12,2.7430
2023-09-13,2.6800
2023-09-14,2.7080
2023-09-15,2.6440
2023-09-18,2.7280
2023-09-19,2.8480
2023-09-20,2.7330
2023-09-21,2.6100
2023-09-22,2.6370
2023-09-25,2.6390
2023-09-26,2.6560
2023-09-27,2.7640
2023-09-28,2.9450
2023-09-29,2.9290
2023-10-02,2.8400
2023-10-03,2.9490
2023-10-04,2.9620
2023-10-05,3.1660
2023-10-06,3.3380
2023-10-09,3.3760
2023-10-10,3.3820
2023-10-11,3.3770
2023-10-12,3.3440
2023-10-13,3.2360
2023-10-16,3.1090
2023-10-17,3.0790
2023-10-18,3.0560
2023-10-19,2.9570
2023-10-20,2.8990
2023-10-23,2.9260
2023-10-24,2.9710
2023-10-25,3.0100
2023-10-26,3.2140
2023-10-27,3.1640
2023-10-30,3.3520
2023-10-31,3.5750
2023-11-01,3.4940
2023-11-02,3.4720
2023-11-03,3.5150
2023-11-06,3.2640
2023-11-07,3.1400
2023-11-08,3.1060
2023-11-09,3.0410
2023-11-10,3.0330
2023-11-13,3.1970
2023-11-14,3.1060
2023-11-15,3.1900
2023-11-16,3.0620
2023-11-17,2.9600
2023-11-20,2.8820
2023-11-21,2.8460
2023-11-22,2.8970
2023-11-23,2.9340
2023-11-24,2.8550
2023-11-27,2.7940
2023-11-28,2.7060
2023-11-29,2.8040
2023-11-30,2.8020
2023-12-01,2.8140
2023-12-04,2.6940
2023-12-05,2.7100
2023-12-06,2.5690
2023-12-07,2.5850
2023-12-08,2.5810
2023-12-11,2.4310
2023-12-12,2.3110
2023-12-13,2.3350
2023-12-14,2.3920
2023-12-15,2.4910
2023-12-18,2.5030
2023-12-19,2.4920
2023-12-20,2.4470
2023-12-21,2.5720
2023-12-22,2.6100
2023-12-26,2.5500
2023-12-27,2.6190
2023-12-28,2.5570
2023-12-29,2.5140
2024-01-02,2.5680
2024-01-03,2.6680
2024-01-04,2.8210
2024-01-05,2.8930
2024-01-08,2.9800
2024-01-09,3.1900
2024-01-10,3.0390
2024-01-11,3.0970
2024-01-12,3.3130
2024-01-16,2.9000
2024-01-17,2.8700
2024-01-18,2.6970
2024-01-19,2.5190
2024-01-22,2.4190
2024-01-23,2.4500
2024-01-24,2.6410
2024-01-25,2.5710
2024-01-26,2.7120
2024-01-29,2.4900
2024-01-30,2.0770
2024-01-31,2.1000
2024-02-01,2.0500
2024-02-02,2.0790
2024-02-05,2.0820
2024-02-06,2.0090
2024-02-07,1.9670
2024-02-08,1.9170
2024-02-09,1.8470
2024-02-12,1.7680
2024-02-13,1.6890
2024-02-14,1.6090
2024-02-15,1.5810
2024-02-16,1.6090
2024-02-20,1.5760
2024-02-21,1.7730
2024-02-22,1.7320
2024-02-23,1.6030
2024-02-26,1.6590
2024-02-27,1.6150
2024-02-28,1.8850
2024-02-29,1.8600
2024-03-01,1.8350
2024-03-04,1.9160
2024-03-05,1.9570
2024-03-06,1.9290
2024-03-07,1.8180
2024-03-08,1.8050
2024-03-11,1.7590
2024-03-12,1.7140
2024-03-13,1.6580
2024-03-14,1.7410
2024-03-15,1.6550
2024-03-18,1.7030
2024-03-19,1.7440
2024-03-20,1.6990
2024-03-21,1.6830
2024-03-22,1.6590
2024-03-25,1.6150
2024-03-26,1.5750
2024-03-27,1.7180
2024-03-28,1.7630
2024-04-01,1.8370
2024-04-02,1.8620
2024-04-03,1.8410
2024-04-04,1.7740
2024-04-05,1.7850
2024-04-08,1.8440
2024-04-09,1.8720
2024-04-10,1.8850
2024-04-11,1.7640
2024-04-12,1.7700
2024-04-15,1.6910
2024-04-16,1.7320
2024-04-17,1.7120
2024-04-18,1.7570
2024-04-19,1.7520
2024-04-22,1.7910
2024-04-23,1.8120
2024-04-24,1.6530
2024-04-25,1.6380
2024-04-26,1.6140
2024-04-29,2.0300
2024-04-30,1.9910
2024-05-01,1.9320
2024-05-02,2.0350
2024-05-03,2.1420
2024-05-06,2.1950
2024-05-07,2.2070
2024-05-08,2.1870
2024-05-09,2.3010
2024-05-10,2.2520
2024-05-13,2.3810
2024-05-14,2.3440
2024-05-15,2.4160
2024-05-16,2.4950
2024-05-17,2.6260
2024-05-20,2.7510
2024-05-21,2.6710
2024-05-22,2.8420
2024-05-23,2.6570
2024-05-24,2.5200
2024-05-28,2.5900
2024-05-29,2.4930
2024-05-30,2.5720
2024-05-31,2.5870
2024-06-03,2.7560
2024-06-04,2.5860
2024-06-05,2.7570
2024-06-06,2.8210
2024-06-07,2.9180
2024-06-10,2.9060
2024-06-11,3.1290
2024-06-12,3.0450
2024-06-13,2.9590
2024-06-14,2.8810
2024-06-17,2.7880
2024-06-18,2.9090
2024-06-20,2.7410
2024-06-21,2.7050
2024-06-24,2.8110
2024-06-25,2.7560
2024-06-26,2.6280
2024-06-27,2.6850
2024-06-28,2.6010
2024-07-01,2.4780
2024-07-02,2.4350
2024-07-03,2.4180
2024-07-05,2.3190
2024-07-08,2.3660
2024-07-09,2.3440
2024-07-10,2.3290
2024-07-11,2.2680
2024-07-12,2.3290
2024-07-15,2.1580
2024-07-16,2.1880
2024-07-17,2.0350
2024-07-18,2.1250
2024-07-19,2.1280
2024-07-22,2.2510
2024-07-23,2.1870
2024-07-24,2.1170
2024-07-25,2.0410
2024-07-26,2.0060
2024-07-29,1.9070
2024-07-30,2.1260
2024-07-31,2.0360
2024-08-01,1.9680
2024-08-02,1.9670
2024-08-05,1.9420
2024-08-06,2.0100
2024-08-07,2.1120
2024-08-08,2.1270
2024-08-09,2.1430
2024-08-12,2.1890
2024-08-13,2.1480
2024-08-14,2.2190
2024-08-15,2.1970
2024-08-16,2.1230
2024-08-19,2.2350
2024-08-20,2.1980
2024-08-21,2.1770
2024-08-22,2.0530
2024-08-23,2.0220
2024-08-26,1.9560
2024-08-27,1.9040
2024-08-28,1.9300
2024-08-29,2.1370
2024-08-30,2.1270
2024-09-03,2.2030
2024-09-04,2.1450
2024-09-05,2.2540
2024-09-06,2.2750
2024-09-09,2.1700
2024-09-10,2.2320
2024-09-11,2.2700
2024-09-12,2.3570
2024-09-13,2.3050
2024-09-16,2.3730
2024-09-17,2.3240
2024-09-18,2.2840
2024-09-19,2.3480
2024-09-20,2.4340
2024-09-23,2.6130
2024-09-24,2.5510
2024-09-25,2.6370
2024-09-26,2.5850
2024-09-27,2.9020
2024-09-30,2.9230
2024-10-01,2.8960
2024-10-02,2.8860
2024-10-03,2.9700
2024-10-04,2.8540
2024-10-07,2.7460
2024-10-08,2.7330
2024-10-09,2.6600
2024-10-10,2.6750
2024-10-11,2.6320
2024-10-14,2.4940
2024-10-15,2.4980
2024-10-16,2.3670
2024-10-17,2.3470
2024-10-18,2.2580
2024-10-21,2.3120
2024-10-22,2.3110
2024-10-23,2.3420
2024-10-24,2.5220
2024-10-25,2.5600
2024-10-28,2.3090
2024-10-29,2.3460
2024-10-30,2.8450
2024-10-31,2.7070
2024-11-01,2.6630
2024-11-04,2.7810
2024-11-05,2.6700
2024-11-06,2.7470
2024-11-07,2.6930
2024-11-08,2.6690
2024-11-11,2.9200
2024-11-12,2.9070
2024-11-13,2.9830
2024-11-14,2.7850
2024-11-15,2.8230
2024-11-18,2.9730
2024-11-19,2.9980
2024-11-20,3.1930
2024-11-21,3.3390
2024-11-22,3.1290
2024-11-25,3.3690
2024-11-26,3.4310
2024-11-27,3.2040
2024-11-29,3.3630
2024-12-02,3.2130
2024-12-03,3.0420
2024-12-04,3.0430
2024-12-05,3.0790
2024-12-06,3.0760
2024-12-09,3.1820
2024-12-10,3.1630
2024-12-11,3.3780
2024-12-12,3.4550
2024-12-13,3.2800
2024-12-16,3.2140
2024-12-17,3.3080
2024-12-18,3.3740
2024-12-19,3.5840
2024-12-20,3.7480
